3.75673e-08,0.998977,0.00102273
3.75673e-08,0.998977,0.00102273
3.75673e-08,0.998977,0.00102273
3.75673e-08,0.998977,0.00102273
3.75673e-08,0.998977,0.00102273
3.75673e-08,0.998977,0.00102273
3.75673e-08,0.998977,0.00102273
3.75673e-08,0.998977,0.00102273
3.75673e-08,0.998977,0.00102273
3.75673e-08,0.998977,0.00102273
3.75673e-08,0.998977,0.00102273
3.75673e-08,0.998977,0.00102273
3.75673e-08,0.998977,0.00102273
3.75673e-08,0.998977,0.00102273
3.75673e-08,0.998977,0.00102273
3.75673e-08,0.998977,0.00102273
3.75673e-08,0.998977,0.00102273
3.75673e-08,0.998977,0.00102273
3.75673e-08,0.998977,0.00102273
3.75673e-08,0.998977,0.00102273
3.75673e-08,0.998977,0.00102273
3.75673e-08,0.998977,0.00102273
3.75673e-08,0.998977,0.00102273
3.75673e-08,0.998977,0.00102273
3.75673e-08,0.998977,0.00102273
3.75673e-08,0.998977,0.00102273
3.75673e-08,0.998977,0.00102273
3.75673e-08,0.998977,0.00102273
3.75673e-08,0.998977,0.00102273
3.75673e-08,0.998977,0.00102273
3.75673e-08,0.998977,0.00102273
3.75673e-08,0.998977,0.00102273
3.75673e-08,0.998977,0.00102273
0.00313453,0.857651,0.139215
0.0047348,0.0048389,0.990426
7.19666e-08,7.45407e-07,0.999999
1.9295e-08,5.00149e-06,0.999995
4.07175e-11,5.20858e-08,1.0
0.00133148,0.855613,0.143056
5.73937e-06,0.971626,0.028368
6.83477e-05,0.0766408,0.923291
5.99097e-08,0.0010822,0.998918
1.40574e-09,0.00296729,0.997033
4.10049e-08,0.727263,0.272737
7.44181e-08,0.999576,0.000423736
7.25387e-09,0.999999,1.08514e-06
4.00924e-09,1.0,5.29225e-08
1.45832e-10,1.0,2.47865e-07
1.95376e-10,0.999999,5.61578e-07
2.07986e-08,0.999995,4.66222e-06
9.64015e-07,0.999432,0.000567092
1.85237e-05,0.993997,0.00598474
0.000561525,0.669265,0.330173
3.28266e-07,0.996383,0.00361674
1.59959e-09,0.999662,0.000338042
2.06358e-08,0.998706,0.00129424
1.05142e-08,0.999336,0.000664117
6.78787e-09,0.999551,0.000448548
6.73827e-09,0.999595,0.000405364
3.10248e-08,0.998964,0.00103618
1.75513e-07,0.997096,0.00290425
1.91522e-07,0.996448,0.00355181
1.84807e-07,0.996177,0.00382274
1.92447e-07,0.995973,0.00402715
3.75673e-08,0.998977,0.00102273
3.75673e-08,0.998977,0.00102273
3.75673e-08,0.998977,0.00102273
3.75673e-08,0.998977,0.00102273
3.75673e-08,0.998977,0.00102273
3.75673e-08,0.998977,0.00102273
3.75673e-08,0.998977,0.00102273
3.75673e-08,0.998977,0.00102273
3.75673e-08,0.998977,0.00102273
3.75673e-08,0.998977,0.00102273
3.75673e-08,0.998977,0.00102273
3.75673e-08,0.998977,0.00102273
3.75673e-08,0.998977,0.00102273
3.75673e-08,0.998977,0.00102273
3.75673e-08,0.998977,0.00102273
3.75673e-08,0.998977,0.00102273
3.75673e-08,0.998977,0.00102273
4.60091e-06,5.0331e-05,0.999945
0.333841,0.0170487,0.649111
3.83372e-06,6.45028e-05,0.999932
1.46996e-06,0.0103228,0.989676
8.44607e-07,0.245084,0.754915
1.45531e-05,0.0419232,0.958062
0.0138036,0.00294629,0.98325
0.0776297,6.00461e-05,0.92231
0.0384944,8.87472e-05,0.961417
1.41689e-05,1.74709e-05,0.999968
3.79032e-07,2.59904e-05,0.999974
4.96097e-09,7.52515e-08,1.0
1.08268e-07,3.99863e-09,1.0
8.42867e-06,0.000112585,0.999879
4.99308e-07,0.0156211,0.984378
1.08336e-07,5.66509e-05,0.999943
9.28929e-08,0.721816,0.278184
7.15346e-08,0.00144021,0.99856
3.05171e-09,4.37177e-05,0.999956
4.08086e-07,0.00130198,0.998698
0.0276122,0.00452683,0.967861
0.00117015,0.00219742,0.996632
0.000106771,0.0118024,0.988091
8.67683e-05,0.0148092,0.985104
4.93028e-05,0.0182267,0.981724
2.59889e-05,0.960595,0.0393792
3.57372e-06,0.983827,0.0161697
5.46515e-07,0.992305,0.00769417
3.67571e-07,0.993639,0.00636065
5.70431e-07,0.991149,0.00884997
3.18623e-07,0.993698,0.00630141
3.75673e-08,0.998977,0.00102273
3.75673e-08,0.998977,0.00102273
3.75673e-08,0.998977,0.00102273
3.75673e-08,0.998977,0.00102273
3.75673e-08,0.998977,0.00102273
3.75673e-08,0.998977,0.00102273
3.75673e-08,0.998977,0.00102273
3.75673e-08,0.998977,0.00102273
3.75673e-08,0.998977,0.00102273
3.75673e-08,0.998977,0.00102273
3.75673e-08,0.998977,0.00102273
3.75673e-08,0.998977,0.00102273
3.75673e-08,0.998977,0.00102273
3.75673e-08,0.998977,0.00102273
3.75673e-08,0.998977,0.00102273
3.75673e-08,0.998977,0.00102273
3.75673e-08,0.998977,0.00102273
0.000419962,0.0369647,0.962615
0.00037011,3.24244e-05,0.999597
4.50843e-12,1.59747e-12,1.0
2.99628e-06,3.85781e-07,0.999997
4.33895e-05,0.00237115,0.997585
7.73734e-07,0.00035018,0.999649
1.41179e-07,4.63414e-05,0.999954
2.52695e-06,2.43889e-05,0.999973
7.01185e-06,6.45515e-06,0.999987
0.000127528,2.27645e-05,0.99985
0.00372549,0.00438524,0.991889
0.000604871,0.392202,0.607193
4.94717e-05,0.946168,0.0537828
0.998519,9.80679e-06,0.00147157
0.994888,3.5103e-06,0.00510806
0.0116686,0.0196049,0.968726
0.63749,0.00384213,0.358668
0.00563141,0.0199868,0.974382
4.51132e-06,0.0414872,0.958508
2.87405e-05,0.996112,0.00385973
0.0115779,0.0201344,0.968288
0.0404537,0.105085,0.854461
0.00158704,0.236095,0.762317
0.000173597,0.287794,0.712033
1.46803e-05,0.784735,0.215251
5.14447e-06,0.977433,0.0225622
3.05009e-06,0.988,0.0119971
1.28933e-06,0.988564,0.0114343
5.05164e-07,0.992121,0.00787851
3.67825e-07,0.993146,0.00685388
1.75634e-07,0.995994,0.00400605
3.75673e-08,0.998977,0.00102273
3.75673e-08,0.998977,0.00102273
3.75673e-08,0.998977,0.00102273
3.75673e-08,0.998977,0.00102273
3.75673e-08,0.998977,0.00102273
3.75673e-08,0.998977,0.00102273
3.75673e-08,0.998977,0.00102273
3.75673e-08,0.998977,0.00102273
3.75673e-08,0.998977,0.00102273
3.75673e-08,0.998977,0.00102273
3.75673e-08,0.998977,0.00102273
3.75673e-08,0.998977,0.00102273
3.75673e-08,0.998977,0.00102273
3.75673e-08,0.998977,0.00102273
3.75673e-08,0.998977,0.00102273
3.75673e-08,0.998977,0.00102273
3.75673e-08,0.998977,0.00102273
0.000152378,0.994025,0.00582232
9.69472e-11,5.13055e-07,1.0
1.22149e-09,8.10944e-08,1.0
1.68694e-08,8.75796e-09,1.0
1.26423e-05,1.55136e-06,0.999986
1.08385e-05,6.41619e-07,0.999989
0.00065432,1.56057e-07,0.999345
3.82378e-05,1.40199e-09,0.999962
0.000604035,0.993643,0.0057532
0.000117888,0.883682,0.116201
1.18302e-07,0.0803427,0.919657
4.71082e-08,0.277333,0.722667
7.72364e-05,0.973505,0.0264179
0.000284421,0.354086,0.64563
9.44385e-07,0.00764692,0.992352
3.71148e-09,0.0290507,0.970949
1.2871e-09,0.161108,0.838892
5.5917e-09,0.00435583,0.995644
4.00918e-09,1.49544e-05,0.999985
9.91601e-08,1.19365e-05,0.999988
0.00446828,0.00206223,0.993469
0.00207291,0.0573929,0.940534
0.000142815,0.417238,0.582619
6.19393e-05,0.131442,0.868496
0.00013337,0.608096,0.391771
2.16491e-05,0.971112,0.0288667
1.52192e-06,0.989625,0.0103737
3.1356e-07,0.994319,0.00568078
2.32536e-07,0.99548,0.00451969
2.10904e-07,0.995748,0.00425137
1.88141e-07,0.996007,0.00399302
3.75673e-08,0.998977,0.00102273
3.75673e-08,0.998977,0.00102273
3.75673e-08,0.998977,0.00102273
3.75673e-08,0.998977,0.00102273
3.75673e-08,0.998977,0.00102273
3.75673e-08,0.998977,0.00102273
3.75673e-08,0.998977,0.00102273
3.75673e-08,0.998977,0.00102273
3.75673e-08,0.998977,0.00102273
3.75673e-08,0.998977,0.00102273
3.75673e-08,0.998977,0.00102273
3.75673e-08,0.998977,0.00102273
3.75673e-08,0.998977,0.00102273
3.75673e-08,0.998977,0.00102273
3.75673e-08,0.998977,0.00102273
3.75673e-08,0.998977,0.00102273
3.75673e-08,0.998977,0.00102273
1.56974e-15,8.23523e-16,1.0
2.06122e-11,1.29004e-17,1.0
1.88466e-18,3.31665e-22,1.0
4.17305e-14,6.76997e-18,1.0
0.82699,0.154365,0.0186457
1.9567e-15,2.45182e-09,1.0
8.54376e-18,2.357e-13,1.0
5.59333e-10,3.16217e-10,1.0
1.42107e-07,6.32684e-08,1.0
3.51168e-05,5.7327e-06,0.999959
0.0813464,0.000574366,0.918079
0.726168,0.00229585,0.271536
0.464891,0.0151615,0.519947
0.252372,0.217913,0.529715
0.00176613,0.402326,0.595908
7.38192e-06,0.000862824,0.99913
2.48596e-06,0.000285492,0.999712
1.37528e-05,0.00187513,0.998111
0.00127636,0.00710857,0.991615
0.0109203,0.180825,0.808255
0.00065908,0.473608,0.525733
0.00230316,0.014399,0.983298
0.000402997,0.235044,0.764553
0.000165196,0.216599,0.783235
2.78007e-05,0.800455,0.199518
5.00042e-06,0.972065,0.0279297
3.2793e-06,0.984166,0.0158306
8.3153e-07,0.990638,0.00936109
3.88872e-07,0.993314,0.00668555
2.03512e-07,0.995635,0.00436513
6.05478e-08,0.99847,0.00152933
3.75673e-08,0.998977,0.00102273
3.75673e-08,0.998977,0.00102273
3.75673e-08,0.998977,0.00102273
3.75673e-08,0.998977,0.00102273
3.75673e-08,0.998977,0.00102273
3.75673e-08,0.998977,0.00102273
3.75673e-08,0.998977,0.00102273
3.75673e-08,0.998977,0.00102273
3.75673e-08,0.998977,0.00102273
3.75673e-08,0.998977,0.00102273
3.75673e-08,0.998977,0.00102273
3.75673e-08,0.998977,0.00102273
3.75673e-08,0.998977,0.00102273
3.75673e-08,0.998977,0.00102273
3.75673e-08,0.998977,0.00102273
3.75673e-08,0.998977,0.00102273
3.75673e-08,0.998977,0.00102273
3.60061e-12,4.0846e-12,1.0
0.00071003,1.53309e-10,0.99929
4.89784e-08,1.41844e-15,1.0
2.3471e-12,6.13405e-20,1.0
1.40506e-12,2.39965e-20,1.0
5.78228e-16,4.09949e-22,1.0
1.57575e-12,2.35218e-20,1.0
3.02211e-14,5.33696e-08,1.0
1.09951e-07,5.03706e-06,0.999995
1.09699e-10,0.000177176,0.999823
4.25566e-16,1.76272e-12,1.0
7.18811e-12,8.50461e-10,1.0
1.66306e-05,0.00976586,0.990218
0.000267527,0.0275518,0.972181
0.000112626,0.00040347,0.999484
0.000206162,3.87116e-05,0.999755
0.000335448,0.000219299,0.999445
0.000141627,0.00242736,0.997431
3.47592e-05,0.0138425,0.986123
1.64688e-05,0.00986109,0.990122
7.3868e-05,0.0689663,0.93096
0.000824271,0.853049,0.146126
0.000108591,0.951264,0.0486273
1.15996e-06,0.987376,0.0126231
4.1699e-07,0.992885,0.00711443
2.64031e-05,0.84033,0.159643
1.15553e-05,0.970973,0.0290157
3.47969e-06,0.983811,0.0161851
6.59822e-07,0.990978,0.00902102
3.00395e-07,0.994295,0.00570446
1.92494e-07,0.99575,0.00424931
3.75673e-08,0.998977,0.00102273
3.75673e-08,0.998977,0.00102273
3.75673e-08,0.998977,0.00102273
3.75673e-08,0.998977,0.00102273
3.75673e-08,0.998977,0.00102273
3.75673e-08,0.998977,0.00102273
3.75673e-08,0.998977,0.00102273
3.75673e-08,0.998977,0.00102273
3.75673e-08,0.998977,0.00102273
3.75673e-08,0.998977,0.00102273
3.75673e-08,0.998977,0.00102273
3.75673e-08,0.998977,0.00102273
3.75673e-08,0.998977,0.00102273
3.75673e-08,0.998977,0.00102273
3.75673e-08,0.998977,0.00102273
3.75673e-08,0.998977,0.00102273
3.75673e-08,0.998977,0.00102273
0.00139722,0.990219,0.0083834
0.00464348,0.00152361,0.993833
0.000223263,4.32341e-05,0.999734
6.01971e-09,0.000125431,0.999875
1.14436e-05,2.31976e-05,0.999965
7.48058e-06,2.84471e-06,0.99999
5.34765e-11,5.9146e-12,1.0
9.13094e-09,3.40033e-11,1.0
1.7751e-07,2.32269e-10,1.0
2.5261e-05,3.89197e-08,0.999975
0.00262022,2.19235e-06,0.997378
0.00355973,3.35627e-06,0.996437
0.00543432,1.40564e-05,0.994552
0.0148252,0.000102294,0.985073
0.000935203,0.000170278,0.998895
0.000252589,0.029132,0.970615
3.17309e-05,0.318853,0.681115
3.15753e-06,0.00235351,0.997643
0.000213653,0.723659,0.276127
0.0013411,0.0449688,0.95369
0.00134289,0.59731,0.401347
0.00153394,0.248094,0.750372
1.23735e-06,0.982707,0.0172922
1.09864e-05,0.898442,0.101547
8.08606e-05,0.399153,0.600766
2.97047e-05,0.912146,0.0878247
1.30663e-06,0.98891,0.0110888
7.58831e-07,0.990881,0.00911842
2.16223e-07,0.996008,0.00399163
2.46989e-07,0.995067,0.00493288
1.78159e-07,0.996208,0.00379181
3.75673e-08,0.998977,0.00102273
3.75673e-08,0.998977,0.00102273
3.75673e-08,0.998977,0.00102273
3.75673e-08,0.998977,0.00102273
3.75673e-08,0.998977,0.00102273
3.75673e-08,0.998977,0.00102273
3.75673e-08,0.998977,0.00102273
3.75673e-08,0.998977,0.00102273
3.75673e-08,0.998977,0.00102273
3.75673e-08,0.998977,0.00102273
3.75673e-08,0.998977,0.00102273
3.75673e-08,0.998977,0.00102273
3.75673e-08,0.998977,0.00102273
3.75673e-08,0.998977,0.00102273
3.75673e-08,0.998977,0.00102273
3.75673e-08,0.998977,0.00102273
3.75673e-08,0.998977,0.00102273
8.54424e-05,0.983859,0.0160552
8.01095e-05,0.980745,0.0191747
3.11062e-06,0.999825,0.000171535
5.64033e-06,0.949469,0.0505255
2.58816e-08,0.233244,0.766756
1.31644e-07,0.916958,0.0830415
1.94854e-08,0.99218,0.00782015
6.72737e-09,0.999701,0.000298987
1.66738e-09,0.999988,1.15699e-05
1.04053e-09,0.999999,6.90743e-07
3.58828e-10,1.0,4.85099e-08
3.9429e-11,1.0,5.30256e-09
1.44682e-09,1.0,1.46003e-10
1.35524e-08,1.0,3.34499e-10
2.98856e-07,1.0,2.46932e-09
2.72843e-06,0.999997,2.92245e-07
3.59782e-07,0.998144,0.0018554
3.36507e-08,0.988539,0.011461
2.51911e-07,0.971491,0.0285093
1.58937e-06,0.998055,0.00194303
2.87249e-05,0.992883,0.00708783
3.37483e-05,0.983734,0.0162324
9.53777e-07,0.994103,0.00589581
1.80138e-08,0.998486,0.0015137
4.22595e-06,0.918169,0.0818271
1.09104e-05,0.952221,0.0477683
1.70472e-06,0.993375,0.0066232
1.00455e-06,0.991772,0.00822722
2.3267e-07,0.996031,0.00396897
2.0671e-07,0.995802,0.00419765
1.97205e-07,0.99591,0.00408963
3.75673e-08,0.998977,0.00102273
3.75673e-08,0.998977,0.00102273
3.75673e-08,0.998977,0.00102273
3.75673e-08,0.998977,0.00102273
3.75673e-08,0.998977,0.00102273
3.75673e-08,0.998977,0.00102273
3.75673e-08,0.998977,0.00102273
3.75673e-08,0.998977,0.00102273
3.75673e-08,0.998977,0.00102273
3.75673e-08,0.998977,0.00102273
3.75673e-08,0.998977,0.00102273
3.75673e-08,0.998977,0.00102273
3.75673e-08,0.998977,0.00102273
3.75673e-08,0.998977,0.00102273
3.75673e-08,0.998977,0.00102273
3.75673e-08,0.998977,0.00102273
3.75673e-08,0.998977,0.00102273
1.05198e-08,9.67637e-07,0.999999
1.73377e-10,2.62766e-07,1.0
7.08248e-13,7.01532e-10,1.0
7.60839e-14,3.13523e-12,1.0
3.53364e-18,4.10436e-18,1.0
1.44444e-14,4.64741e-17,1.0
2.09744e-17,2.5165e-22,1.0
9.18542e-15,2.9194e-20,1.0
9.04649e-07,5.64145e-13,0.999999
6.86413e-07,2.80679e-11,0.999999
1.27055e-07,1.66331e-09,1.0
5.71347e-07,2.54656e-08,0.999999
0.0011404,3.20334e-06,0.998856
0.000632257,1.24563e-06,0.999366
3.10107e-06,2.90604e-06,0.999994
1.12467e-07,7.64776e-06,0.999992
9.91441e-08,2.86827e-05,0.999971
1.75954e-05,0.0104223,0.98956
0.000373702,0.00844884,0.991177
0.0118369,0.0226621,0.965501
0.00293309,0.115327,0.88174
0.000402864,0.384979,0.614618
0.000117614,0.414882,0.585
3.42248e-05,0.77842,0.221546
2.12233e-06,0.97273,0.0272676
8.71511e-07,0.9889,0.0110991
4.12307e-07,0.993942,0.00605755
6.55554e-07,0.991947,0.00805192
4.21495e-07,0.993302,0.00669794
2.56402e-07,0.994884,0.00511536
1.43696e-07,0.996706,0.0032941
3.75673e-08,0.998977,0.00102273
3.75673e-08,0.998977,0.00102273
3.75673e-08,0.998977,0.00102273
3.75673e-08,0.998977,0.00102273
3.75673e-08,0.998977,0.00102273
3.75673e-08,0.998977,0.00102273
3.75673e-08,0.998977,0.00102273
3.75673e-08,0.998977,0.00102273
3.75673e-08,0.998977,0.00102273
3.75673e-08,0.998977,0.00102273
3.75673e-08,0.998977,0.00102273
3.75673e-08,0.998977,0.00102273
3.75673e-08,0.998977,0.00102273
3.75673e-08,0.998977,0.00102273
3.75673e-08,0.998977,0.00102273
3.75673e-08,0.998977,0.00102273
3.75673e-08,0.998977,0.00102273
1.99695e-05,0.000132055,0.999848
0.000623163,0.0198092,0.979568
0.000567808,0.00247295,0.996959
1.55731e-09,1.40533e-06,0.999999
7.12971e-06,0.109896,0.890096
9.92867e-06,0.223814,0.776177
1.05487e-09,0.000376744,0.999623
2.55534e-08,0.00291996,0.99708
1.71643e-08,0.0420756,0.957924
3.17202e-08,0.836424,0.163576
6.18398e-09,0.980962,0.0190379
7.82327e-07,0.999775,0.000224653
9.12978e-06,0.997104,0.00288734
2.0327e-07,0.017115,0.982885
2.00048e-08,0.0170053,0.982995
1.92834e-10,0.000711235,0.999289
1.97264e-07,0.0241423,0.975858
2.0683e-06,0.00435389,0.995644
7.69985e-09,1.86967e-05,0.999981
6.12526e-10,7.04832e-07,0.999999
6.33849e-07,5.74648e-07,0.999999
0.000914693,2.44791e-05,0.999061
0.000248925,0.00307384,0.996677
1.16477e-05,3.01705e-05,0.999958
1.93502e-05,0.00216793,0.997813
7.03505e-05,0.76944,0.23049
4.32918e-06,0.988859,0.0111369
1.59588e-06,0.988655,0.0113432
5.64704e-07,0.992054,0.00794538
4.3315e-07,0.992589,0.00741103
2.75313e-07,0.994634,0.00536579
3.75673e-08,0.998977,0.00102273
3.75673e-08,0.998977,0.00102273
3.75673e-08,0.998977,0.00102273
3.75673e-08,0.998977,0.00102273
3.75673e-08,0.998977,0.00102273
3.75673e-08,0.998977,0.00102273
3.75673e-08,0.998977,0.00102273
3.75673e-08,0.998977,0.00102273
3.75673e-08,0.998977,0.00102273
3.75673e-08,0.998977,0.00102273
3.75673e-08,0.998977,0.00102273
3.75673e-08,0.998977,0.00102273
3.75673e-08,0.998977,0.00102273
3.75673e-08,0.998977,0.00102273
3.75673e-08,0.998977,0.00102273
3.75673e-08,0.998977,0.00102273
3.75673e-08,0.998977,0.00102273
5.68197e-05,0.999429,0.000514436
0.000310048,0.955417,0.0442732
1.93115e-06,0.003769,0.996229
7.9352e-06,0.00751588,0.992476
0.000109075,0.26187,0.738021
1.65711e-06,0.0569419,0.943056
7.94793e-09,8.9886e-05,0.99991
4.99404e-16,2.6556e-12,1.0
1.8396e-17,8.98407e-16,1.0
1.7494e-13,1.59423e-14,1.0
7.95296e-13,7.82374e-15,1.0
3.43249e-12,1.98868e-15,1.0
1.53707e-09,3.72185e-15,1.0
0.230131,1.15343e-08,0.769869
0.303763,5.48616e-08,0.696237
0.903544,1.91469e-07,0.0964554
0.952998,9.86793e-06,0.0469927
0.0962047,0.00075348,0.903042
0.000632029,0.000201467,0.999166
0.000829861,0.00413507,0.995035
0.058615,0.413857,0.527528
0.00495894,0.0756488,0.919392
0.000496421,0.0302149,0.969289
0.000146541,0.282928,0.716925
1.89659e-05,0.832818,0.167163
8.78815e-06,0.952589,0.0474028
3.29493e-06,0.982304,0.017693
1.81618e-06,0.986537,0.0134616
4.85012e-07,0.992712,0.00728718
3.43201e-07,0.993603,0.00639688
1.55224e-07,0.99646,0.00353974
3.75673e-08,0.998977,0.00102273
3.75673e-08,0.998977,0.00102273
3.75673e-08,0.998977,0.00102273
3.75673e-08,0.998977,0.00102273
3.75673e-08,0.998977,0.00102273
3.75673e-08,0.998977,0.00102273
3.75673e-08,0.998977,0.00102273
3.75673e-08,0.998977,0.00102273
3.75673e-08,0.998977,0.00102273
3.75673e-08,0.998977,0.00102273
3.75673e-08,0.998977,0.00102273
3.75673e-08,0.998977,0.00102273
3.75673e-08,0.998977,0.00102273
3.75673e-08,0.998977,0.00102273
3.75673e-08,0.998977,0.00102273
3.75673e-08,0.998977,0.00102273
3.75673e-08,0.998977,0.00102273
1.04347e-05,0.987658,0.0123317
0.000824671,0.898776,0.100399
5.37807e-05,0.0482681,0.951678
9.3428e-10,7.90669e-06,0.999992
2.59207e-11,9.52443e-09,1.0
1.04816e-09,2.23617e-10,1.0
4.79462e-13,3.71931e-16,1.0
1.03436e-12,2.04131e-18,1.0
5.6705e-11,6.60561e-18,1.0
1.1897e-09,2.47648e-17,1.0
7.48705e-09,9.43377e-17,1.0
1.59267e-08,2.93142e-17,1.0
5.03595e-09,7.6193e-18,1.0
2.31611e-09,2.41504e-17,1.0
0.000204154,1.98003e-13,0.999796
0.995882,1.05663e-11,0.00411762
0.314817,1.04486e-07,0.685183
2.6773e-05,5.09192e-08,0.999973
7.52042e-06,2.90549e-07,0.999992
1.37803e-05,3.25063e-05,0.999954
0.0237033,0.00491438,0.971382
0.0109275,0.00260503,0.986468
0.00068748,0.022011,0.977302
9.27369e-05,0.22101,0.778897
2.89247e-05,0.821104,0.178867
8.53277e-06,0.972267,0.0277245
3.75584e-06,0.985373,0.0146234
1.50843e-06,0.987249,0.0127491
5.89204e-07,0.991182,0.0088175
2.85631e-07,0.994475,0.00552459
1.7173e-07,0.996192,0.00380761
3.75673e-08,0.998977,0.00102273
3.75673e-08,0.998977,0.00102273
3.75673e-08,0.998977,0.00102273
3.75673e-08,0.998977,0.00102273
3.75673e-08,0.998977,0.00102273
3.75673e-08,0.998977,0.00102273
3.75673e-08,0.998977,0.00102273
3.75673e-08,0.998977,0.00102273
3.75673e-08,0.998977,0.00102273
3.75673e-08,0.998977,0.00102273
3.75673e-08,0.998977,0.00102273
3.75673e-08,0.998977,0.00102273
3.75673e-08,0.998977,0.00102273
3.75673e-08,0.998977,0.00102273
3.75673e-08,0.998977,0.00102273
3.75673e-08,0.998977,0.00102273
3.75673e-08,0.998977,0.00102273
1.17881e-05,0.964188,0.0358004
4.58076e-07,0.0014192,0.99858
1.60743e-08,5.88463e-05,0.999941
1.60784e-07,0.00114858,0.998851
4.24067e-10,0.000182603,0.999817
9.16553e-06,0.173112,0.826878
1.02187e-08,0.000113265,0.999887
0.000117548,0.765889,0.233994
5.29533e-05,0.767175,0.232772
0.000143412,0.898203,0.101654
8.63699e-06,0.981145,0.0188462
6.68014e-07,0.993271,0.00672799
4.39346e-07,0.992242,0.00775808
1.29912e-05,0.806152,0.193835
6.03922e-05,0.940537,0.0594026
9.29309e-11,5.12025e-08,1.0
5.20125e-08,0.000180181,0.99982
1.1131e-11,0.000442401,0.999558
3.39932e-09,0.0191252,0.980875
3.13035e-08,4.35367e-05,0.999956
1.32034e-09,1.81313e-07,1.0
1.1166e-06,6.47836e-07,0.999998
0.00215456,2.21295e-05,0.997823
0.000365388,0.0279287,0.971706
6.11234e-05,0.175805,0.824134
6.93953e-05,0.695121,0.304809
6.45623e-05,0.891942,0.107993
2.0071e-06,0.988688,0.01131
2.17246e-07,0.996294,0.0037061
2.52538e-07,0.995191,0.00480887
9.3235e-08,0.99778,0.00221968
3.75673e-08,0.998977,0.00102273
3.75673e-08,0.998977,0.00102273
3.75673e-08,0.998977,0.00102273
3.75673e-08,0.998977,0.00102273
3.75673e-08,0.998977,0.00102273
3.75673e-08,0.998977,0.00102273
3.75673e-08,0.998977,0.00102273
3.75673e-08,0.998977,0.00102273
3.75673e-08,0.998977,0.00102273
3.75673e-08,0.998977,0.00102273
3.75673e-08,0.998977,0.00102273
3.75673e-08,0.998977,0.00102273
3.75673e-08,0.998977,0.00102273
3.75673e-08,0.998977,0.00102273
3.75673e-08,0.998977,0.00102273
3.75673e-08,0.998977,0.00102273
3.75673e-08,0.998977,0.00102273
0.00011949,0.943012,0.056869
2.53792e-05,0.98688,0.013095
6.73898e-06,0.439357,0.560636
3.39792e-08,0.00247919,0.997521
1.18406e-08,0.00605784,0.993942
1.88542e-08,0.734893,0.265107
1.10398e-08,0.996606,0.00339374
1.15809e-08,0.997964,0.00203651
7.94596e-09,0.988401,0.011599
1.43319e-08,0.938765,0.0612351
3.95259e-09,0.40412,0.59588
7.7834e-10,0.181663,0.818337
8.98041e-10,0.818338,0.181662
1.39648e-08,0.959351,0.0406494
1.65529e-08,0.999483,0.000516558
1.21782e-09,1.0,3.59684e-07
1.5044e-10,1.0,1.25535e-07
1.22431e-11,1.0,4.58269e-07
1.01184e-09,0.999997,2.64501e-06
2.17177e-07,0.999913,8.72615e-05
2.95483e-06,0.999725,0.000271578
2.74399e-06,0.997479,0.00251836
1.28701e-08,0.999705,0.000294896
7.44285e-10,0.999813,0.000187258
1.5971e-09,0.999693,0.000307146
6.10099e-09,0.999568,0.000432402
1.14998e-08,0.999421,0.000579478
1.63723e-08,0.999194,0.00080601
3.77632e-08,0.998928,0.00107162
1.28901e-07,0.997194,0.00280645
2.08963e-07,0.995727,0.00427272
3.75673e-08,0.998977,0.00102273
3.75673e-08,0.998977,0.00102273
3.75673e-08,0.998977,0.00102273
3.75673e-08,0.998977,0.00102273
3.75673e-08,0.998977,0.00102273
3.75673e-08,0.998977,0.00102273
3.75673e-08,0.998977,0.00102273
3.75673e-08,0.998977,0.00102273
3.75673e-08,0.998977,0.00102273
3.75673e-08,0.998977,0.00102273
3.75673e-08,0.998977,0.00102273
3.75673e-08,0.998977,0.00102273
3.75673e-08,0.998977,0.00102273
3.75673e-08,0.998977,0.00102273
3.75673e-08,0.998977,0.00102273
3.75673e-08,0.998977,0.00102273
3.75673e-08,0.998977,0.00102273
7.03362e-06,0.998794,0.00119904
0.00103071,0.490832,0.508138
1.05507e-07,9.79538e-05,0.999902
3.83158e-09,1.43382e-05,0.999986
9.0564e-10,3.5787e-06,0.999996
1.19828e-07,1.12774e-05,0.999989
1.1099e-09,1.95835e-09,1.0
5.8556e-12,1.00594e-13,1.0
4.89741e-11,9.1188e-15,1.0
2.71003e-09,1.40053e-13,1.0
5.38509e-07,1.10787e-11,0.999999
0.158218,7.62365e-08,0.841782
0.999993,7.53303e-08,6.93636e-06
0.99999,1.70304e-07,1.03007e-05
0.999941,1.33907e-05,4.58586e-05
0.999937,5.55633e-05,6.99841e-06
0.999786,0.000160132,5.35288e-05
0.950831,5.7034e-05,0.0491118
0.00543477,0.000200452,0.994365
0.000336921,0.000355048,0.999308
0.0033711,0.084438,0.912191
0.0423616,0.0433169,0.914321
0.000934057,0.132601,0.866465
0.000105315,0.24213,0.757764
2.47956e-05,0.703107,0.296868
1.00696e-05,0.950418,0.0495723
2.06837e-06,0.988772,0.0112262
8.75068e-07,0.990545,0.00945433
2.09247e-07,0.996347,0.00365252
1.3394e-07,0.997073,0.00292694
1.2849e-07,0.997032,0.00296783
3.75673e-08,0.998977,0.00102273
3.75673e-08,0.998977,0.00102273
3.75673e-08,0.998977,0.00102273
3.75673e-08,0.998977,0.00102273
3.75673e-08,0.998977,0.00102273
3.75673e-08,0.998977,0.00102273
3.75673e-08,0.998977,0.00102273
3.75673e-08,0.998977,0.00102273
3.75673e-08,0.998977,0.00102273
3.75673e-08,0.998977,0.00102273
3.75673e-08,0.998977,0.00102273
3.75673e-08,0.998977,0.00102273
3.75673e-08,0.998977,0.00102273
3.75673e-08,0.998977,0.00102273
3.75673e-08,0.998977,0.00102273
3.75673e-08,0.998977,0.00102273
3.75673e-08,0.998977,0.00102273
6.40038e-06,0.997095,0.0028987
4.30025e-05,0.996215,0.00374222
7.38471e-06,0.006989,0.993004
5.43927e-10,1.13408e-05,0.999989
3.82087e-06,0.000755886,0.99924
4.95598e-06,0.292247,0.707748
1.35476e-07,0.803047,0.196953
6.11543e-07,0.919444,0.080555
4.62192e-08,0.4884,0.5116
3.25475e-06,0.690508,0.309489
2.75563e-07,0.837634,0.162366
2.88471e-07,0.974822,0.0251783
3.5157e-08,0.999216,0.000783668
1.33055e-08,0.99997,2.99141e-05
3.04401e-09,0.999986,1.35681e-05
1.08987e-09,0.999998,1.78312e-06
4.24123e-09,0.999998,1.62026e-06
4.94245e-08,0.999985,1.53778e-05
1.88992e-07,0.99995,4.96873e-05
4.40801e-07,0.999929,7.07594e-05
1.2292e-08,0.999943,5.68708e-05
2.14334e-09,0.999844,0.000156229
3.73693e-10,0.99983,0.000170337
8.94309e-09,0.999331,0.000669542
9.99771e-09,0.999485,0.000514505
9.64102e-09,0.999475,0.000524635
2.5659e-08,0.999131,0.000869375
2.86353e-07,0.996671,0.00332915
1.92949e-07,0.9967,0.0032998
1.32614e-07,0.997095,0.0029045
1.70897e-07,0.996327,0.00367315
3.75673e-08,0.998977,0.00102273
3.75673e-08,0.998977,0.00102273
3.75673e-08,0.998977,0.00102273
3.75673e-08,0.998977,0.00102273
3.75673e-08,0.998977,0.00102273
3.75673e-08,0.998977,0.00102273
3.75673e-08,0.998977,0.00102273
3.75673e-08,0.998977,0.00102273
3.75673e-08,0.998977,0.00102273
3.75673e-08,0.998977,0.00102273
3.75673e-08,0.998977,0.00102273
3.75673e-08,0.998977,0.00102273
3.75673e-08,0.998977,0.00102273
3.75673e-08,0.998977,0.00102273
3.75673e-08,0.998977,0.00102273
3.75673e-08,0.998977,0.00102273
3.75673e-08,0.998977,0.00102273
0.000717998,0.980977,0.0183048
0.000957695,0.0305903,0.968452
1.78513e-05,0.999916,6.60966e-05
4.43076e-07,0.0227144,0.977285
6.90774e-08,0.0233635,0.976636
3.55918e-08,0.897272,0.102728
5.24323e-09,0.999892,0.000108007
4.01816e-09,0.998915,0.00108504
4.42193e-09,0.999243,0.000757368
1.63407e-09,0.999675,0.000324734
4.34771e-10,0.999983,1.71169e-05
1.07145e-09,0.999988,1.20662e-05
3.21582e-10,0.999997,2.55196e-06
5.79668e-11,1.0,1.12193e-07
3.90193e-11,1.0,2.53834e-08
8.56046e-11,1.0,1.9542e-08
1.0514e-09,1.0,4.93547e-08
2.47267e-08,0.999999,9.79473e-07
1.07976e-07,0.999994,5.46517e-06
5.60666e-08,0.999977,2.29428e-05
8.46544e-10,0.999973,2.74006e-05
1.43222e-10,0.999938,6.15968e-05
6.07102e-10,0.999791,0.000209283
2.10313e-09,0.999687,0.000313194
1.04876e-08,0.999446,0.000553592
9.90622e-09,0.999433,0.00056647
7.03155e-08,0.998524,0.00147604
7.07834e-08,0.998519,0.00148079
6.78588e-08,0.998543,0.00145669
1.1437e-07,0.997437,0.00256245
1.64367e-07,0.996488,0.00351211
3.75673e-08,0.998977,0.00102273
3.75673e-08,0.998977,0.00102273
3.75673e-08,0.998977,0.00102273
3.75673e-08,0.998977,0.00102273
3.75673e-08,0.998977,0.00102273
3.75673e-08,0.998977,0.00102273
3.75673e-08,0.998977,0.00102273
3.75673e-08,0.998977,0.00102273
3.75673e-08,0.998977,0.00102273
3.75673e-08,0.998977,0.00102273
3.75673e-08,0.998977,0.00102273
3.75673e-08,0.998977,0.00102273
3.75673e-08,0.998977,0.00102273
3.75673e-08,0.998977,0.00102273
3.75673e-08,0.998977,0.00102273
3.75673e-08,0.998977,0.00102273
3.75673e-08,0.998977,0.00102273
0.000783371,0.995687,0.00352942
1.00328e-08,5.6216e-05,0.999944
5.41346e-14,4.43434e-10,1.0
8.81615e-16,1.07229e-11,1.0
1.04094e-13,7.03595e-11,1.0
7.07176e-12,5.04934e-12,1.0
6.71392e-15,1.06555e-16,1.0
1.09276e-13,2.25451e-17,1.0
7.3731e-14,5.41224e-17,1.0
1.6186e-12,6.15615e-16,1.0
2.21846e-10,6.66472e-15,1.0
0.000513042,3.97558e-12,0.999487
0.000726663,2.2379e-13,0.999273
1.63713e-11,2.41841e-18,1.0
4.15752e-16,3.17039e-21,1.0
1.66923e-20,3.05189e-24,1.0
2.23872e-07,7.44985e-14,1.0
2.94056e-08,1.63534e-11,1.0
1.03609e-08,2.84998e-10,1.0
8.44569e-10,3.19725e-10,1.0
1.86085e-07,5.76644e-08,1.0
0.00022318,3.94838e-06,0.999773
0.000304668,1.44605e-05,0.999681
2.8958e-05,0.0002193,0.999752
6.07931e-06,0.00142599,0.998568
5.28043e-05,0.0597667,0.94018
0.000617172,0.623501,0.375882
0.000473641,0.921252,0.0782741
4.86204e-05,0.942819,0.0571319
6.09614e-07,0.990346,0.00965355
2.20965e-05,0.952507,0.0474714
3.75673e-08,0.998977,0.00102273
3.75673e-08,0.998977,0.00102273
3.75673e-08,0.998977,0.00102273
3.75673e-08,0.998977,0.00102273
3.75673e-08,0.998977,0.00102273
3.75673e-08,0.998977,0.00102273
3.75673e-08,0.998977,0.00102273
3.75673e-08,0.998977,0.00102273
3.75673e-08,0.998977,0.00102273
3.75673e-08,0.998977,0.00102273
3.75673e-08,0.998977,0.00102273
3.75673e-08,0.998977,0.00102273
3.75673e-08,0.998977,0.00102273
3.75673e-08,0.998977,0.00102273
3.75673e-08,0.998977,0.00102273
3.75673e-08,0.998977,0.00102273
3.75673e-08,0.998977,0.00102273
6.24844e-05,0.999782,0.000155298
0.00083419,0.994465,0.00470038
2.29944e-09,2.56602e-05,0.999974
7.51345e-13,1.87729e-09,1.0
1.11695e-08,6.04062e-07,0.999999
3.18188e-10,7.19831e-09,1.0
1.8836e-09,1.65365e-10,1.0
6.55286e-11,3.13325e-14,1.0
2.18439e-09,1.86401e-14,1.0
1.81718e-05,3.50756e-11,0.999982
0.0148565,2.45991e-08,0.985143
0.915985,5.5335e-06,0.0840091
0.999949,6.09386e-06,4.52525e-05
0.999992,2.99165e-06,4.76855e-06
0.999001,0.000255981,0.00074343
0.994183,0.0050809,0.000735875
0.999851,0.000127434,2.13157e-05
0.0181803,4.20212e-06,0.981816
0.000273362,3.80005e-06,0.999723
6.84642e-05,8.14455e-05,0.99985
0.00472365,0.0433843,0.951892
0.112153,0.0272663,0.86058
0.00299243,0.0604503,0.936557
0.000100488,0.219696,0.780203
5.92009e-05,0.379176,0.620765
2.91543e-05,0.885169,0.114802
7.62076e-06,0.97554,0.0244523
5.16976e-07,0.993997,0.00600281
3.47485e-07,0.994409,0.00559102
1.88845e-07,0.996044,0.00395542
1.42017e-07,0.996756,0.0032441
3.75673e-08,0.998977,0.00102273
3.75673e-08,0.998977,0.00102273
3.75673e-08,0.998977,0.00102273
3.75673e-08,0.998977,0.00102273
3.75673e-08,0.998977,0.00102273
3.75673e-08,0.998977,0.00102273
3.75673e-08,0.998977,0.00102273
3.75673e-08,0.998977,0.00102273
3.75673e-08,0.998977,0.00102273
3.75673e-08,0.998977,0.00102273
3.75673e-08,0.998977,0.00102273
3.75673e-08,0.998977,0.00102273
3.75673e-08,0.998977,0.00102273
3.75673e-08,0.998977,0.00102273
3.75673e-08,0.998977,0.00102273
3.75673e-08,0.998977,0.00102273
3.75673e-08,0.998977,0.00102273
1.55418e-18,5.71494e-17,1.0
2.93984e-21,1.92248e-22,1.0
2.47327e-21,2.97511e-23,1.0
1.58672e-21,7.22697e-25,1.0
7.74955e-10,9.90335e-16,1.0
3.1571e-14,4.85742e-19,1.0
3.50416e-23,8.66315e-27,1.0
1.33983e-14,1.0508e-22,1.0
2.51111e-19,1.8155e-24,1.0
1.45074e-12,3.63882e-19,1.0
2.26855e-15,1.67489e-21,1.0
0.000385901,1.46418e-13,0.999614
7.71766e-05,2.51371e-12,0.999923
1.90447e-19,2.79936e-24,1.0
3.15546e-12,4.05605e-19,1.0
7.5726e-21,1.983e-25,1.0
2.91968e-07,7.00092e-14,1.0
1.50903e-08,1.29399e-12,1.0
3.59538e-09,1.08022e-10,1.0
6.94535e-10,4.35412e-10,1.0
5.0052e-07,8.43872e-08,0.999999
9.5558e-05,1.82478e-06,0.999903
2.29813e-05,4.51171e-06,0.999972
1.22672e-06,1.52208e-05,0.999984
4.62712e-07,7.00884e-05,0.999929
9.48916e-06,0.00264395,0.997347
0.00034636,0.0260177,0.973636
0.000324485,0.928427,0.0712484
1.75114e-05,0.962942,0.0370399
5.77902e-07,0.990841,0.00915861
5.22354e-07,0.991594,0.00840524
3.75673e-08,0.998977,0.00102273
3.75673e-08,0.998977,0.00102273
3.75673e-08,0.998977,0.00102273
3.75673e-08,0.998977,0.00102273
3.75673e-08,0.998977,0.00102273
3.75673e-08,0.998977,0.00102273
3.75673e-08,0.998977,0.00102273
3.75673e-08,0.998977,0.00102273
3.75673e-08,0.998977,0.00102273
3.75673e-08,0.998977,0.00102273
3.75673e-08,0.998977,0.00102273
3.75673e-08,0.998977,0.00102273
3.75673e-08,0.998977,0.00102273
3.75673e-08,0.998977,0.00102273
3.75673e-08,0.998977,0.00102273
3.75673e-08,0.998977,0.00102273
3.75673e-08,0.998977,0.00102273
0.000195746,0.68523,0.314575
0.000130928,0.953391,0.0464782
1.41392e-05,0.960904,0.0390817
6.05407e-08,0.00593335,0.994067
4.60687e-08,0.193491,0.806509
2.90512e-09,0.998419,0.0015808
2.71754e-08,0.999943,5.69295e-05
2.48196e-09,0.999279,0.000720738
2.00091e-08,0.973821,0.0261788
2.66126e-09,0.977503,0.0224971
4.08311e-10,0.999846,0.000153548
4.79082e-10,0.999999,8.7613e-07
2.6827e-10,1.0,1.29554e-08
1.65584e-10,1.0,2.99217e-09
2.49642e-10,1.0,2.26608e-09
6.84651e-10,1.0,5.35068e-09
3.07987e-09,1.0,6.85778e-08
1.98538e-08,0.999999,7.98044e-07
5.55301e-08,0.999997,3.1172e-06
6.22436e-09,0.999991,9.09368e-06
2.78049e-10,0.99998,2.03555e-05
4.22769e-10,0.999947,5.30683e-05
2.90987e-10,0.999888,0.000112193
2.92138e-09,0.999546,0.000453501
3.51293e-09,0.999677,0.000322981
6.59299e-09,0.999611,0.000389041
1.76768e-08,0.999187,0.000813414
5.39222e-08,0.998722,0.00127748
1.04128e-07,0.997826,0.00217356
1.84489e-07,0.996182,0.00381792
1.68091e-07,0.996426,0.00357408
3.75673e-08,0.998977,0.00102273
3.75673e-08,0.998977,0.00102273
3.75673e-08,0.998977,0.00102273
3.75673e-08,0.998977,0.00102273
3.75673e-08,0.998977,0.00102273
3.75673e-08,0.998977,0.00102273
3.75673e-08,0.998977,0.00102273
3.75673e-08,0.998977,0.00102273
3.75673e-08,0.998977,0.00102273
3.75673e-08,0.998977,0.00102273
3.75673e-08,0.998977,0.00102273
3.75673e-08,0.998977,0.00102273
3.75673e-08,0.998977,0.00102273
3.75673e-08,0.998977,0.00102273
3.75673e-08,0.998977,0.00102273
3.75673e-08,0.998977,0.00102273
3.75673e-08,0.998977,0.00102273
0.0449756,0.953813,0.00121096
0.951921,0.0221705,0.0259087
0.0332732,0.386814,0.579913
3.43991e-05,0.999861,0.000104119
7.1519e-08,0.00945231,0.990548
2.1313e-10,4.63497e-05,0.999954
5.31367e-08,0.0171311,0.982869
1.81367e-07,0.919758,0.0802418
5.62776e-08,0.999274,0.000725519
1.37696e-08,0.999496,0.000504433
8.04493e-09,0.999948,5.19804e-05
8.62786e-09,0.999793,0.000206994
6.7165e-09,0.999984,1.6505e-05
1.67469e-09,0.999998,1.63147e-06
1.07614e-09,1.0,4.18782e-07
1.65476e-09,0.999996,3.70077e-06
1.28741e-10,0.999978,2.16398e-05
1.09656e-10,0.999995,4.59532e-06
3.29712e-08,0.999996,3.75716e-06
1.18263e-06,0.999563,0.000435542
2.60828e-05,0.9938,0.00617413
5.41114e-08,0.99951,0.000490304
7.09857e-09,0.999502,0.000498021
2.85446e-08,0.997392,0.00260843
6.62491e-06,0.895155,0.104838
3.0195e-06,0.985259,0.0147381
1.0786e-05,0.980882,0.0191068
4.62197e-07,0.994509,0.00549061
2.06929e-07,0.996191,0.00380904
2.41076e-07,0.995248,0.00475133
2.05088e-07,0.99577,0.00422997
3.75673e-08,0.998977,0.00102273
3.75673e-08,0.998977,0.00102273
3.75673e-08,0.998977,0.00102273
3.75673e-08,0.998977,0.00102273
3.75673e-08,0.998977,0.00102273
3.75673e-08,0.998977,0.00102273
3.75673e-08,0.998977,0.00102273
3.75673e-08,0.998977,0.00102273
3.75673e-08,0.998977,0.00102273
3.75673e-08,0.998977,0.00102273
3.75673e-08,0.998977,0.00102273
3.75673e-08,0.998977,0.00102273
3.75673e-08,0.998977,0.00102273
3.75673e-08,0.998977,0.00102273
3.75673e-08,0.998977,0.00102273
3.75673e-08,0.998977,0.00102273
3.75673e-08,0.998977,0.00102273
1.38884e-05,0.989751,0.0102349
2.91817e-06,0.758574,0.241423
1.20877e-07,0.119455,0.880544
1.15702e-08,0.0303682,0.969632
2.94803e-08,0.504661,0.495339
1.3529e-08,0.996861,0.00313898
7.40089e-09,0.99998,2.00844e-05
2.93135e-09,0.999999,5.49963e-07
1.27135e-09,1.0,9.82398e-08
2.74108e-10,1.0,3.99674e-08
1.68224e-10,1.0,1.98876e-08
5.83132e-09,1.0,4.41859e-08
2.97824e-07,0.999998,2.12438e-06
2.18619e-06,0.999972,2.54575e-05
8.00857e-07,0.999993,6.58894e-06
9.12282e-10,0.999999,7.25142e-07
7.50524e-11,0.999994,6.25623e-06
3.63811e-10,0.999961,3.87985e-05
6.38411e-09,0.999967,3.28356e-05
2.04376e-08,0.999958,4.20097e-05
1.52896e-08,0.999916,8.39834e-05
2.57685e-08,0.999758,0.000242125
2.52677e-09,0.999622,0.000377814
1.00933e-08,0.998861,0.00113947
4.87871e-07,0.981252,0.0187478
3.2787e-05,0.819201,0.180767
4.85865e-06,0.987731,0.0122647
1.48753e-06,0.990685,0.00931343
7.30612e-07,0.990651,0.00934833
2.6499e-07,0.99488,0.00511993
1.84847e-07,0.996095,0.00390519
3.75673e-08,0.998977,0.00102273
3.75673e-08,0.998977,0.00102273
3.75673e-08,0.998977,0.00102273
3.75673e-08,0.998977,0.00102273
3.75673e-08,0.998977,0.00102273
3.75673e-08,0.998977,0.00102273
3.75673e-08,0.998977,0.00102273
3.75673e-08,0.998977,0.00102273
3.75673e-08,0.998977,0.00102273
3.75673e-08,0.998977,0.00102273
3.75673e-08,0.998977,0.00102273
3.75673e-08,0.998977,0.00102273
3.75673e-08,0.998977,0.00102273
3.75673e-08,0.998977,0.00102273
3.75673e-08,0.998977,0.00102273
3.75673e-08,0.998977,0.00102273
3.75673e-08,0.998977,0.00102273
5.07224e-12,3.42206e-09,1.0
3.05463e-15,4.83629e-16,1.0
1.0804e-17,7.37439e-20,1.0
1.05692e-15,2.00192e-19,1.0
4.2088e-18,4.13604e-21,1.0
1.23791e-15,1.44202e-20,1.0
1.06186e-12,7.47762e-19,1.0
1.27003e-07,5.1227e-16,1.0
4.2931e-05,6.44479e-15,0.999957
6.02845e-06,5.17948e-15,0.999994
0.999975,4.29279e-14,2.51117e-05
1.0,5.76836e-12,4.41788e-07
0.999783,2.02346e-10,0.000216611
0.999998,1.83038e-15,1.99693e-06
1.0,3.47248e-15,1.80594e-10
1.0,2.00062e-11,6.35015e-10
0.999979,2.07974e-05,7.38908e-07
0.132087,0.131594,0.736319
0.00338475,0.0830834,0.913532
0.00171892,0.301298,0.696983
0.00969137,0.844798,0.14551
0.00407161,0.372072,0.623856
0.000175672,0.74515,0.254675
1.03794e-05,0.870285,0.129704
1.61918e-06,0.969156,0.0308429
8.47799e-07,0.990342,0.00965738
4.95056e-07,0.994511,0.00548855
3.2604e-07,0.995216,0.00478395
1.73917e-07,0.996546,0.00345361
1.04351e-07,0.997507,0.00249329
6.88007e-08,0.998254,0.00174556
3.75673e-08,0.998977,0.00102273
3.75673e-08,0.998977,0.00102273
3.75673e-08,0.998977,0.00102273
3.75673e-08,0.998977,0.00102273
3.75673e-08,0.998977,0.00102273
3.75673e-08,0.998977,0.00102273
3.75673e-08,0.998977,0.00102273
3.75673e-08,0.998977,0.00102273
3.75673e-08,0.998977,0.00102273
3.75673e-08,0.998977,0.00102273
3.75673e-08,0.998977,0.00102273
3.75673e-08,0.998977,0.00102273
3.75673e-08,0.998977,0.00102273
3.75673e-08,0.998977,0.00102273
3.75673e-08,0.998977,0.00102273
3.75673e-08,0.998977,0.00102273
3.75673e-08,0.998977,0.00102273
0.00518784,0.994543,0.000268633
0.65584,0.101345,0.242815
0.00103491,0.00106205,0.997903
1.01251e-13,2.98404e-11,1.0
3.1401e-18,1.36186e-17,1.0
1.21647e-19,4.30611e-21,1.0
3.70804e-16,4.15272e-20,1.0
7.01851e-13,2.27251e-18,1.0
1.88829e-11,3.30479e-18,1.0
1.43103e-10,6.84674e-18,1.0
1.65439e-08,4.40151e-17,1.0
0.00150189,5.41156e-13,0.998498
0.553047,1.43895e-10,0.446953
0.999997,2.93181e-11,2.98404e-06
1.0,1.34733e-11,6.22069e-08
1.0,7.04338e-14,1.94946e-12
1.0,7.74877e-10,4.87734e-11
0.996383,0.00039688,0.00321966
0.00269317,0.00482389,0.992483
0.000304586,0.00438831,0.995307
0.00549172,0.506212,0.488297
0.0846419,0.254125,0.661233
0.00045278,0.442454,0.557093
2.47433e-05,0.716239,0.283736
7.02728e-06,0.866161,0.133832
1.67708e-06,0.98496,0.0150378
5.54594e-07,0.994805,0.00519485
1.5198e-07,0.997491,0.00250879
9.29747e-08,0.998139,0.00186093
9.42475e-08,0.997847,0.00215273
6.84839e-08,0.99826,0.00174029
3.75673e-08,0.998977,0.00102273
3.75673e-08,0.998977,0.00102273
3.75673e-08,0.998977,0.00102273
3.75673e-08,0.998977,0.00102273
3.75673e-08,0.998977,0.00102273
3.75673e-08,0.998977,0.00102273
3.75673e-08,0.998977,0.00102273
3.75673e-08,0.998977,0.00102273
3.75673e-08,0.998977,0.00102273
3.75673e-08,0.998977,0.00102273
3.75673e-08,0.998977,0.00102273
3.75673e-08,0.998977,0.00102273
3.75673e-08,0.998977,0.00102273
3.75673e-08,0.998977,0.00102273
3.75673e-08,0.998977,0.00102273
3.75673e-08,0.998977,0.00102273
3.75673e-08,0.998977,0.00102273
1.75612e-06,0.00396974,0.996029
6.03113e-07,3.08529e-08,0.999999
9.79023e-20,3.856e-18,1.0
2.57886e-17,4.04647e-19,1.0
3.03438e-16,1.46826e-19,1.0
1.14629e-15,2.76757e-20,1.0
1.81198e-13,3.53349e-19,1.0
1.53903e-10,1.03219e-17,1.0
1.23971e-12,2.30762e-18,1.0
1.99805e-13,8.51655e-20,1.0
2.30092e-12,1.63385e-19,1.0
3.63741e-10,2.45957e-18,1.0
0.000974381,3.09315e-14,0.999026
1.10491e-05,2.20299e-15,0.999989
0.00528436,5.23031e-12,0.994716
0.998763,7.65181e-10,0.00123652
0.8973,2.14673e-05,0.102679
0.00266328,1.50871e-05,0.997322
0.000305583,2.2846e-05,0.999672
0.000392428,0.00374995,0.995858
0.0179466,0.0408344,0.941219
0.00506977,0.0193254,0.975605
0.000516032,0.0545962,0.944888
9.48319e-05,0.136021,0.863885
5.10926e-05,0.6305,0.369449
2.91765e-05,0.913427,0.0865435
5.69304e-06,0.98059,0.0194041
1.59561e-06,0.98619,0.0138079
4.72076e-07,0.992691,0.00730847
2.12156e-07,0.995722,0.00427763
1.7471e-07,0.996221,0.00377879
3.75673e-08,0.998977,0.00102273
3.75673e-08,0.998977,0.00102273
3.75673e-08,0.998977,0.00102273
3.75673e-08,0.998977,0.00102273
3.75673e-08,0.998977,0.00102273
3.75673e-08,0.998977,0.00102273
3.75673e-08,0.998977,0.00102273
3.75673e-08,0.998977,0.00102273
3.75673e-08,0.998977,0.00102273
3.75673e-08,0.998977,0.00102273
3.75673e-08,0.998977,0.00102273
3.75673e-08,0.998977,0.00102273
3.75673e-08,0.998977,0.00102273
3.75673e-08,0.998977,0.00102273
3.75673e-08,0.998977,0.00102273
3.75673e-08,0.998977,0.00102273
3.75673e-08,0.998977,0.00102273
0.00406684,0.0833707,0.912562
3.4248e-08,8.44101e-08,1.0
1.72278e-17,1.24004e-17,1.0
5.341e-18,3.6841e-19,1.0
2.406e-15,2.01228e-18,1.0
1.15095e-16,2.04371e-20,1.0
3.25343e-16,7.47437e-20,1.0
4.09812e-13,3.88759e-19,1.0
1.05954e-06,2.29259e-17,0.999999
0.00011664,8.06454e-15,0.999883
0.00101071,2.36469e-14,0.998989
0.991877,4.59461e-12,0.00812256
0.969203,8.22785e-10,0.0307966
0.999995,1.067e-12,5.53301e-06
1.0,1.27874e-14,2.48748e-08
1.0,2.14725e-14,3.22867e-11
1.0,1.30981e-10,3.6722e-09
0.984859,3.78464e-05,0.0151035
0.00739879,0.000468913,0.992132
0.00040884,0.000660633,0.998931
0.00122879,0.0632186,0.935553
0.0783273,0.0967962,0.824876
0.0007272,0.201559,0.797714
2.04539e-05,0.866426,0.133554
3.17215e-06,0.94614,0.0538566
3.81862e-07,0.992201,0.0077988
4.2687e-07,0.995371,0.00462889
3.08058e-07,0.995927,0.00407217
8.66273e-08,0.998222,0.0017783
1.3848e-07,0.996967,0.00303316
1.23614e-07,0.997091,0.00290893
3.75673e-08,0.998977,0.00102273
3.75673e-08,0.998977,0.00102273
3.75673e-08,0.998977,0.00102273
3.75673e-08,0.998977,0.00102273
3.75673e-08,0.998977,0.00102273
3.75673e-08,0.998977,0.00102273
3.75673e-08,0.998977,0.00102273
3.75673e-08,0.998977,0.00102273
3.75673e-08,0.998977,0.00102273
3.75673e-08,0.998977,0.00102273
3.75673e-08,0.998977,0.00102273
3.75673e-08,0.998977,0.00102273
3.75673e-08,0.998977,0.00102273
3.75673e-08,0.998977,0.00102273
3.75673e-08,0.998977,0.00102273
3.75673e-08,0.998977,0.00102273
3.75673e-08,0.998977,0.00102273
2.00998e-22,3.76656e-17,1.0
9.38449e-13,4.92112e-14,1.0
2.55612e-17,2.14228e-17,1.0
6.08735e-08,2.36465e-10,1.0
0.00275819,1.16005e-06,0.997241
2.5816e-20,1.20672e-20,1.0
2.9599e-20,2.53793e-23,1.0
2.68191e-14,4.70487e-18,1.0
1.51545e-07,1.7843e-10,1.0
2.08343e-08,7.48192e-10,1.0
1.37859e-11,1.56429e-12,1.0
2.46725e-07,3.03481e-10,1.0
3.90878e-05,1.3933e-09,0.999961
4.54294e-07,9.14595e-09,1.0
5.76623e-21,4.54843e-22,1.0
1.23592e-21,2.33653e-24,1.0
2.06388e-08,2.32704e-13,1.0
5.09942e-07,2.7056e-09,1.0
2.43047e-08,5.54018e-09,1.0
1.25854e-09,4.41439e-09,1.0
3.68199e-07,4.79992e-07,0.999999
0.00121231,2.07359e-05,0.998767
0.00146623,4.87172e-05,0.998485
6.1687e-05,0.000744563,0.999194
2.09795e-05,0.0140425,0.985937
0.000135771,0.442547,0.557318
0.000356754,0.875324,0.124319
0.000184178,0.95188,0.0479356
6.53442e-06,0.974961,0.0250328
9.99046e-07,0.987076,0.0129233
9.91292e-06,0.964026,0.0359641
3.75673e-08,0.998977,0.00102273
3.75673e-08,0.998977,0.00102273
3.75673e-08,0.998977,0.00102273
3.75673e-08,0.998977,0.00102273
3.75673e-08,0.998977,0.00102273
3.75673e-08,0.998977,0.00102273
3.75673e-08,0.998977,0.00102273
3.75673e-08,0.998977,0.00102273
3.75673e-08,0.998977,0.00102273
3.75673e-08,0.998977,0.00102273
3.75673e-08,0.998977,0.00102273
3.75673e-08,0.998977,0.00102273
3.75673e-08,0.998977,0.00102273
3.75673e-08,0.998977,0.00102273
3.75673e-08,0.998977,0.00102273
3.75673e-08,0.998977,0.00102273
3.75673e-08,0.998977,0.00102273
1.09171e-13,1.02322e-13,1.0
1.82943e-15,1.35118e-17,1.0
4.92211e-19,3.01149e-22,1.0
7.84614e-19,1.86518e-22,1.0
6.35658e-17,1.26481e-21,1.0
5.29857e-19,6.22207e-23,1.0
1.29485e-18,4.90079e-23,1.0
3.77633e-19,4.51236e-23,1.0
1.09309e-19,2.09377e-23,1.0
1.09999e-18,4.13826e-10,1.0
7.88216e-14,1.96224e-14,1.0
2.0527e-20,4.66867e-22,1.0
6.86518e-20,6.60365e-24,1.0
1.02725e-19,1.18622e-23,1.0
4.34185e-12,3.40744e-19,1.0
1.55724e-10,1.3244e-16,1.0
7.53225e-07,2.92165e-12,0.999999
5.7075e-08,7.93779e-11,1.0
3.79094e-09,4.42867e-10,1.0
5.50096e-08,2.75e-08,1.0
0.000420534,7.77231e-06,0.999572
0.00074006,2.26205e-05,0.999237
4.27233e-05,0.000161324,0.999796
1.37618e-05,0.00246365,0.997523
8.38497e-05,0.10317,0.896746
0.000332359,0.830386,0.169282
0.000158193,0.951988,0.0478537
1.42563e-05,0.969937,0.0300483
1.42698e-06,0.986015,0.0139833
7.73113e-07,0.988806,0.0111933
4.03512e-07,0.993182,0.00681786
3.75673e-08,0.998977,0.00102273
3.75673e-08,0.998977,0.00102273
3.75673e-08,0.998977,0.00102273
3.75673e-08,0.998977,0.00102273
3.75673e-08,0.998977,0.00102273
3.75673e-08,0.998977,0.00102273
3.75673e-08,0.998977,0.00102273
3.75673e-08,0.998977,0.00102273
3.75673e-08,0.998977,0.00102273
3.75673e-08,0.998977,0.00102273
3.75673e-08,0.998977,0.00102273
3.75673e-08,0.998977,0.00102273
3.75673e-08,0.998977,0.00102273
3.75673e-08,0.998977,0.00102273
3.75673e-08,0.998977,0.00102273
3.75673e-08,0.998977,0.00102273
3.75673e-08,0.998977,0.00102273
8.37318e-17,3.06881e-11,1.0
1.27123e-19,2.43628e-19,1.0
1.23379e-18,1.70564e-20,1.0
2.61317e-19,2.63694e-23,1.0
2.12389e-20,3.54367e-24,1.0
1.28247e-16,5.36045e-21,1.0
2.24545e-13,2.06254e-20,1.0
4.30195e-14,1.95678e-17,1.0
1.6474e-11,4.86039e-15,1.0
1.83988e-18,3.55948e-23,1.0
6.09979e-16,5.22769e-22,1.0
3.16037e-14,4.06142e-20,1.0
9.68793e-17,4.46362e-22,1.0
5.87154e-18,2.05742e-23,1.0
6.15118e-19,3.29532e-24,1.0
3.12839e-21,1.08238e-24,1.0
0.000114845,1.40642e-11,0.999885
1.67071e-07,1.09013e-10,1.0
1.63914e-08,1.48867e-09,1.0
2.38656e-09,3.01462e-09,1.0
1.33694e-06,9.1251e-07,0.999998
0.00489503,5.7752e-05,0.995047
0.00249137,0.000198938,0.99731
8.18775e-05,0.00190826,0.99801
3.44658e-05,0.0317492,0.968216
8.65256e-05,0.772908,0.227005
3.58969e-05,0.970594,0.0293702
7.60782e-06,0.981068,0.0189244
1.40184e-06,0.986023,0.0139757
4.86673e-07,0.991627,0.00837284
2.79445e-07,0.994699,0.00530085
3.75673e-08,0.998977,0.00102273
3.75673e-08,0.998977,0.00102273
3.75673e-08,0.998977,0.00102273
3.75673e-08,0.998977,0.00102273
3.75673e-08,0.998977,0.00102273
3.75673e-08,0.998977,0.00102273
3.75673e-08,0.998977,0.00102273
3.75673e-08,0.998977,0.00102273
3.75673e-08,0.998977,0.00102273
3.75673e-08,0.998977,0.00102273
3.75673e-08,0.998977,0.00102273
3.75673e-08,0.998977,0.00102273
3.75673e-08,0.998977,0.00102273
3.75673e-08,0.998977,0.00102273
3.75673e-08,0.998977,0.00102273
3.75673e-08,0.998977,0.00102273
3.75673e-08,0.998977,0.00102273
3.12575e-17,9.23409e-12,1.0
2.41088e-06,4.4931e-07,0.999997
4.44725e-12,8.89071e-09,1.0
5.80731e-08,2.32646e-09,1.0
1.22413e-11,1.49948e-10,1.0
5.12519e-05,7.12514e-10,0.999949
4.86375e-07,3.05313e-13,1.0
1.67972e-07,1.09766e-14,1.0
0.00259578,5.12785e-12,0.997404
0.000883411,7.72524e-12,0.999117
1.75641e-07,6.78609e-15,1.0
1.75446e-08,3.86797e-16,1.0
2.10166e-10,3.14135e-18,1.0
8.17432e-09,4.57894e-16,1.0
3.49471e-14,1.39422e-19,1.0
8.53665e-09,1.24486e-16,1.0
0.134151,5.68905e-10,0.865849
0.000145915,3.03479e-09,0.999854
6.61684e-07,1.56267e-08,0.999999
9.78334e-07,4.08209e-07,0.999999
0.000987928,0.000135789,0.998876
0.00205993,0.000368245,0.997572
0.000455267,0.00408986,0.995455
0.000161783,0.0647838,0.935054
0.000115313,0.588143,0.411742
2.43938e-05,0.945863,0.0541125
1.94733e-06,0.988576,0.0114222
8.24592e-07,0.991374,0.00862546
1.84612e-07,0.996804,0.00319623
1.51376e-07,0.996759,0.00324077
7.18403e-08,0.99822,0.00178024
3.75673e-08,0.998977,0.00102273
3.75673e-08,0.998977,0.00102273
3.75673e-08,0.998977,0.00102273
3.75673e-08,0.998977,0.00102273
3.75673e-08,0.998977,0.00102273
3.75673e-08,0.998977,0.00102273
3.75673e-08,0.998977,0.00102273
3.75673e-08,0.998977,0.00102273
3.75673e-08,0.998977,0.00102273
3.75673e-08,0.998977,0.00102273
3.75673e-08,0.998977,0.00102273
3.75673e-08,0.998977,0.00102273
3.75673e-08,0.998977,0.00102273
3.75673e-08,0.998977,0.00102273
3.75673e-08,0.998977,0.00102273
3.75673e-08,0.998977,0.00102273
3.75673e-08,0.998977,0.00102273
0.000994958,0.512642,0.486363
0.386531,0.392431,0.221038
1.49066e-11,1.36343e-09,1.0
1.8443e-13,1.35175e-12,1.0
2.16734e-14,4.11122e-16,1.0
2.10711e-10,7.42854e-15,1.0
2.28368e-11,4.14847e-16,1.0
1.55919e-11,4.31456e-18,1.0
2.48348e-08,4.38141e-17,1.0
0.000291271,6.50732e-15,0.999709
0.0168298,1.86445e-13,0.98317
0.978635,2.16445e-12,0.0213651
0.897451,4.71876e-10,0.102549
0.983619,9.3982e-10,0.0163812
0.966146,1.33138e-10,0.033854
1.0,1.66111e-11,1.59773e-12
1.0,3.93346e-07,7.04331e-09
0.134122,0.0456353,0.820242
0.000490291,0.027327,0.972183
0.000303698,0.0348054,0.964891
0.00549229,0.863722,0.130785
0.00776017,0.440076,0.552164
0.000210224,0.717859,0.281931
1.21585e-05,0.918656,0.0813322
1.2679e-06,0.968457,0.0315417
4.50459e-07,0.99235,0.00764906
3.68182e-07,0.995854,0.00414579
1.62832e-07,0.997364,0.00263571
5.64001e-08,0.998685,0.00131471
8.49498e-08,0.998002,0.00199741
4.04553e-08,0.998849,0.00115106
3.75673e-08,0.998977,0.00102273
3.75673e-08,0.998977,0.00102273
3.75673e-08,0.998977,0.00102273
3.75673e-08,0.998977,0.00102273
3.75673e-08,0.998977,0.00102273
3.75673e-08,0.998977,0.00102273
3.75673e-08,0.998977,0.00102273
3.75673e-08,0.998977,0.00102273
3.75673e-08,0.998977,0.00102273
3.75673e-08,0.998977,0.00102273
3.75673e-08,0.998977,0.00102273
3.75673e-08,0.998977,0.00102273
3.75673e-08,0.998977,0.00102273
3.75673e-08,0.998977,0.00102273
3.75673e-08,0.998977,0.00102273
3.75673e-08,0.998977,0.00102273
3.75673e-08,0.998977,0.00102273
0.000292581,0.970133,0.0295742
0.00117007,0.00118555,0.997644
1.38609e-14,8.49825e-10,1.0
3.52942e-14,1.21389e-11,1.0
8.02789e-12,5.8553e-13,1.0
2.93292e-13,5.14736e-17,1.0
7.11723e-14,3.88151e-17,1.0
4.82988e-09,1.64859e-16,1.0
4.72211e-12,6.9439e-20,1.0
1.84778e-13,8.3739e-20,1.0
6.39191e-16,2.79067e-21,1.0
2.81338e-11,7.63064e-18,1.0
1.47214e-08,1.69089e-17,1.0
0.000354557,1.4097e-14,0.999645
0.997927,4.46412e-13,0.00207284
1.0,3.49536e-12,4.55614e-09
0.999963,5.36478e-07,3.60932e-05
0.0213517,0.00052852,0.97812
0.00249479,0.00248722,0.995018
0.000478166,0.065494,0.934028
0.0248974,0.599811,0.375292
0.0130215,0.13387,0.853109
0.00039602,0.380229,0.619375
1.55129e-05,0.763761,0.236224
5.28946e-06,0.919184,0.0808108
1.95093e-06,0.985149,0.0148488
2.27624e-06,0.988157,0.0118409
7.13321e-07,0.992084,0.00791581
1.50203e-07,0.997223,0.00277692
1.47315e-07,0.996831,0.00316847
1.47509e-07,0.996692,0.00330821
3.75673e-08,0.998977,0.00102273
3.75673e-08,0.998977,0.00102273
3.75673e-08,0.998977,0.00102273
3.75673e-08,0.998977,0.00102273
3.75673e-08,0.998977,0.00102273
3.75673e-08,0.998977,0.00102273
3.75673e-08,0.998977,0.00102273
3.75673e-08,0.998977,0.00102273
3.75673e-08,0.998977,0.00102273
3.75673e-08,0.998977,0.00102273
3.75673e-08,0.998977,0.00102273
3.75673e-08,0.998977,0.00102273
3.75673e-08,0.998977,0.00102273
3.75673e-08,0.998977,0.00102273
3.75673e-08,0.998977,0.00102273
3.75673e-08,0.998977,0.00102273
3.75673e-08,0.998977,0.00102273
2.55698e-06,0.0840482,0.915949
0.00193207,0.843964,0.154104
4.66841e-07,0.75655,0.24345
3.45445e-08,0.887047,0.112953
1.1583e-09,0.927026,0.072974
5.11715e-11,0.693116,0.306884
1.63243e-09,7.75214e-07,0.999999
9.02779e-11,7.19182e-10,1.0
1.97762e-12,7.45257e-11,1.0
1.67561e-19,2.46346e-19,1.0
3.8695e-08,1.1404e-13,1.0
2.17008e-05,2.18138e-11,0.999978
9.56342e-12,1.27112e-13,1.0
2.78851e-09,2.65616e-11,1.0
1.22813e-05,2.47987e-08,0.999988
2.9976e-08,1.46299e-09,1.0
1.2442e-05,2.0759e-07,0.999987
1.84647e-05,7.79287e-06,0.999974
3.82924e-10,4.42813e-08,1.0
5.24396e-10,1.01262e-08,1.0
1.30067e-08,4.94049e-08,1.0
0.000304955,0.00010933,0.999586
0.000196593,0.000246009,0.999557
5.40048e-05,0.000926777,0.999019
4.03738e-05,0.0105442,0.989415
8.10363e-05,0.045622,0.954297
0.000331024,0.840628,0.159041
1.35123e-05,0.978866,0.0211205
6.13087e-07,0.99157,0.00842986
1.64463e-06,0.984945,0.0150532
1.60113e-06,0.986893,0.0131052
3.75673e-08,0.998977,0.00102273
3.75673e-08,0.998977,0.00102273
3.75673e-08,0.998977,0.00102273
3.75673e-08,0.998977,0.00102273
3.75673e-08,0.998977,0.00102273
3.75673e-08,0.998977,0.00102273
3.75673e-08,0.998977,0.00102273
3.75673e-08,0.998977,0.00102273
3.75673e-08,0.998977,0.00102273
3.75673e-08,0.998977,0.00102273
3.75673e-08,0.998977,0.00102273
3.75673e-08,0.998977,0.00102273
3.75673e-08,0.998977,0.00102273
3.75673e-08,0.998977,0.00102273
3.75673e-08,0.998977,0.00102273
3.75673e-08,0.998977,0.00102273
3.75673e-08,0.998977,0.00102273
0.000937014,0.999059,3.73844e-06
0.735392,0.264603,4.78314e-06
0.00885017,0.87307,0.118079
0.000561254,0.687482,0.311957
9.90368e-05,0.863783,0.136118
2.68981e-06,0.980614,0.0193834
5.04525e-06,0.987956,0.0120388
0.0106795,0.989312,8.33789e-06
0.43961,0.0399699,0.52042
1.82713e-12,4.75076e-13,1.0
2.66761e-17,1.37856e-16,1.0
1.43667e-09,4.28564e-12,1.0
4.81806e-14,6.67206e-17,1.0
8.78007e-14,1.13315e-18,1.0
2.41162e-11,2.21594e-17,1.0
1.68514e-05,2.72742e-14,0.999983
0.990945,2.68579e-08,0.00905448
0.000573116,2.1525e-06,0.999425
7.04014e-06,5.52947e-06,0.999987
1.31798e-05,0.000276915,0.99971
0.045738,0.124539,0.829723
0.0168416,0.0283413,0.954817
0.000636244,0.0614762,0.937887
0.000157947,0.105037,0.894805
4.98563e-05,0.776214,0.223736
3.8658e-06,0.977115,0.0228816
1.09708e-06,0.991736,0.00826343
7.23823e-07,0.992434,0.00756542
2.8205e-07,0.995325,0.00467445
1.14753e-07,0.997442,0.00255757
1.1574e-07,0.997346,0.00265391
3.75673e-08,0.998977,0.00102273
3.75673e-08,0.998977,0.00102273
3.75673e-08,0.998977,0.00102273
3.75673e-08,0.998977,0.00102273
3.75673e-08,0.998977,0.00102273
3.75673e-08,0.998977,0.00102273
3.75673e-08,0.998977,0.00102273
3.75673e-08,0.998977,0.00102273
3.75673e-08,0.998977,0.00102273
3.75673e-08,0.998977,0.00102273
3.75673e-08,0.998977,0.00102273
3.75673e-08,0.998977,0.00102273
3.75673e-08,0.998977,0.00102273
3.75673e-08,0.998977,0.00102273
3.75673e-08,0.998977,0.00102273
3.75673e-08,0.998977,0.00102273
3.75673e-08,0.998977,0.00102273
0.0984085,0.899717,0.00187446
0.0249768,0.00957752,0.965446
5.42964e-14,8.21278e-12,1.0
7.50349e-18,4.2203e-19,1.0
2.29927e-19,1.0216e-21,1.0
1.4987e-17,6.47931e-22,1.0
4.3674e-19,3.88508e-23,1.0
2.38333e-10,2.7828e-18,1.0
7.38288e-09,1.71254e-17,1.0
7.72689e-11,1.01692e-18,1.0
5.48404e-09,8.98286e-18,1.0
0.000779816,6.51889e-14,0.99922
0.14339,2.12172e-11,0.85661
0.690812,1.70304e-08,0.309188
1.0,8.49799e-11,5.21995e-07
1.0,2.71482e-13,1.52259e-10
1.0,1.87198e-10,2.31573e-09
0.9638,2.5972e-05,0.0361736
0.00285241,0.000542609,0.996605
0.00033179,0.000703846,0.998964
0.0006482,0.035385,0.963967
0.106251,0.281014,0.612735
0.0145983,0.0648167,0.920585
0.000186298,0.567922,0.431892
1.25362e-05,0.756348,0.24364
8.00773e-06,0.950044,0.0499485
8.4492e-07,0.993291,0.0067083
4.20212e-07,0.994657,0.00534248
6.15229e-08,0.998598,0.0014022
1.29872e-07,0.99713,0.00286998
1.2788e-07,0.997094,0.00290577
3.75673e-08,0.998977,0.00102273
3.75673e-08,0.998977,0.00102273
3.75673e-08,0.998977,0.00102273
3.75673e-08,0.998977,0.00102273
3.75673e-08,0.998977,0.00102273
3.75673e-08,0.998977,0.00102273
3.75673e-08,0.998977,0.00102273
3.75673e-08,0.998977,0.00102273
3.75673e-08,0.998977,0.00102273
3.75673e-08,0.998977,0.00102273
3.75673e-08,0.998977,0.00102273
3.75673e-08,0.998977,0.00102273
3.75673e-08,0.998977,0.00102273
3.75673e-08,0.998977,0.00102273
3.75673e-08,0.998977,0.00102273
3.75673e-08,0.998977,0.00102273
3.75673e-08,0.998977,0.00102273
0.000289949,0.99959,0.00011968
0.0216356,0.583706,0.394659
4.81988e-07,9.61557e-05,0.999903
1.0657e-14,1.80628e-12,1.0
1.41013e-18,1.64472e-19,1.0
8.86501e-18,2.33279e-20,1.0
2.26644e-18,2.07647e-21,1.0
3.47514e-15,3.31828e-20,1.0
1.08553e-13,6.09087e-20,1.0
1.08828e-08,2.71382e-17,1.0
8.03074e-08,2.36563e-16,1.0
4.84952e-05,1.16823e-14,0.999951
0.0103091,2.54024e-12,0.989691
0.999083,6.55706e-12,0.000917049
0.99306,2.36736e-10,0.00693976
0.999992,7.2207e-10,7.48465e-06
0.999999,3.01822e-07,4.92263e-07
0.900259,0.000346065,0.0993952
0.00468884,8.02751e-05,0.995231
0.000355871,0.00123822,0.998406
0.00725673,0.0251263,0.967617
0.00365431,0.0435581,0.952788
0.000281418,0.209728,0.789991
3.25967e-05,0.63644,0.363527
2.77162e-05,0.744968,0.255004
3.43153e-06,0.975779,0.0242178
8.87543e-07,0.992895,0.00710376
2.0363e-07,0.996895,0.00310429
4.98983e-08,0.998775,0.00122469
1.76572e-07,0.996309,0.00369101
4.817e-08,0.998713,0.00128749
3.75673e-08,0.998977,0.00102273
3.75673e-08,0.998977,0.00102273
3.75673e-08,0.998977,0.00102273
3.75673e-08,0.998977,0.00102273
3.75673e-08,0.998977,0.00102273
3.75673e-08,0.998977,0.00102273
3.75673e-08,0.998977,0.00102273
3.75673e-08,0.998977,0.00102273
3.75673e-08,0.998977,0.00102273
3.75673e-08,0.998977,0.00102273
3.75673e-08,0.998977,0.00102273
3.75673e-08,0.998977,0.00102273
3.75673e-08,0.998977,0.00102273
3.75673e-08,0.998977,0.00102273
3.75673e-08,0.998977,0.00102273
3.75673e-08,0.998977,0.00102273
3.75673e-08,0.998977,0.00102273
9.86635e-18,8.17448e-15,1.0
1.91294e-14,4.24826e-17,1.0
4.5583e-15,2.89522e-17,1.0
3.90909e-12,1.0648e-14,1.0
6.63513e-11,2.32958e-14,1.0
2.18144e-08,2.2051e-13,1.0
5.38862e-21,2.54574e-19,1.0
9.55149e-11,0.000251405,0.999749
5.61549e-14,2.9966e-13,1.0
2.41572e-14,3.78161e-14,1.0
1.64658e-09,2.4654e-09,1.0
1.18518e-06,4.1388e-07,0.999998
6.93487e-06,2.3482e-06,0.999991
1.01451e-05,1.11475e-06,0.999989
0.000127722,1.06142e-05,0.999862
0.000147257,1.57762e-05,0.999837
2.97957e-06,1.25769e-05,0.999985
8.69475e-08,1.6747e-05,0.999983
8.11502e-07,0.000134186,0.999865
4.28481e-05,0.00141617,0.998541
0.0011939,0.0673495,0.931457
0.00869609,0.203537,0.787767
0.00165547,0.509565,0.488779
0.000161989,0.844949,0.154889
0.000577207,0.300817,0.698606
2.03018e-06,0.986971,0.0130272
3.63059e-06,0.982827,0.0171696
3.0363e-06,0.981463,0.0185343
1.12611e-06,0.987856,0.0121427
3.03739e-07,0.994232,0.00576791
3.33624e-07,0.993782,0.00621773
3.75673e-08,0.998977,0.00102273
3.75673e-08,0.998977,0.00102273
3.75673e-08,0.998977,0.00102273
3.75673e-08,0.998977,0.00102273
3.75673e-08,0.998977,0.00102273
3.75673e-08,0.998977,0.00102273
3.75673e-08,0.998977,0.00102273
3.75673e-08,0.998977,0.00102273
3.75673e-08,0.998977,0.00102273
3.75673e-08,0.998977,0.00102273
3.75673e-08,0.998977,0.00102273
3.75673e-08,0.998977,0.00102273
3.75673e-08,0.998977,0.00102273
3.75673e-08,0.998977,0.00102273
3.75673e-08,0.998977,0.00102273
3.75673e-08,0.998977,0.00102273
3.75673e-08,0.998977,0.00102273
0.000560009,0.999358,8.2361e-05
2.39038e-05,0.999937,3.93143e-05
2.70177e-06,0.00792739,0.99207
3.02612e-07,0.00485006,0.99515
2.39915e-08,0.343762,0.656238
1.04114e-07,0.999675,0.000324704
9.80815e-09,0.999977,2.26606e-05
2.09877e-09,0.999997,2.52865e-06
1.48408e-09,0.999989,1.08646e-05
7.73785e-10,0.999927,7.26537e-05
3.3546e-10,0.999994,5.73398e-06
2.12165e-10,1.0,1.22981e-07
6.09133e-11,1.0,3.11256e-08
3.47006e-11,1.0,5.24406e-08
3.326e-10,1.0,4.45784e-08
3.16575e-08,1.0,1.02624e-07
8.6394e-08,0.999999,5.57032e-07
6.21701e-07,0.999969,3.06521e-05
1.16977e-09,0.999992,7.86178e-06
5.33509e-11,0.99998,2.03982e-05
1.12825e-10,0.999916,8.38789e-05
1.02579e-09,0.999756,0.000244231
4.03615e-09,0.999572,0.000428116
7.79777e-09,0.999495,0.000505034
9.17657e-09,0.99948,0.000519936
1.81442e-08,0.999261,0.000738941
7.90141e-08,0.998401,0.00159898
2.26284e-07,0.996776,0.00322412
1.03599e-07,0.998008,0.00199152
1.79484e-07,0.996247,0.00375255
2.1687e-07,0.995597,0.00440304
3.75673e-08,0.998977,0.00102273
3.75673e-08,0.998977,0.00102273
3.75673e-08,0.998977,0.00102273
3.75673e-08,0.998977,0.00102273
3.75673e-08,0.998977,0.00102273
3.75673e-08,0.998977,0.00102273
3.75673e-08,0.998977,0.00102273
3.75673e-08,0.998977,0.00102273
3.75673e-08,0.998977,0.00102273
3.75673e-08,0.998977,0.00102273
3.75673e-08,0.998977,0.00102273
3.75673e-08,0.998977,0.00102273
3.75673e-08,0.998977,0.00102273
3.75673e-08,0.998977,0.00102273
3.75673e-08,0.998977,0.00102273
3.75673e-08,0.998977,0.00102273
3.75673e-08,0.998977,0.00102273
0.0173015,0.957815,0.0248838
1.07701e-06,0.999297,0.000702112
0.00010262,0.98371,0.0161877
2.05873e-09,0.000653496,0.999346
1.12065e-09,0.00114293,0.998857
3.29104e-08,0.889039,0.110961
5.56815e-09,0.991448,0.00855212
1.99911e-08,0.997861,0.00213872
6.67243e-09,0.997737,0.00226265
7.79695e-10,0.999945,5.4813e-05
9.98546e-10,0.999999,8.8094e-07
1.05624e-10,1.0,3.93551e-08
2.30769e-10,1.0,2.0273e-09
3.61101e-10,1.0,5.5037e-10
3.29031e-10,1.0,5.07478e-09
1.73005e-09,1.0,1.8107e-08
1.01723e-08,1.0,7.23124e-08
1.06758e-08,1.0,2.29801e-07
8.44824e-09,1.0,3.99741e-07
1.31781e-09,0.999998,1.84786e-06
5.23761e-10,0.999993,6.69349e-06
1.46183e-10,0.999974,2.59741e-05
3.53403e-10,0.999889,0.000110669
5.43777e-10,0.999817,0.000183089
1.98371e-09,0.999697,0.000302711
1.55694e-08,0.999309,0.00069065
3.25858e-08,0.99895,0.00104964
8.35018e-08,0.998345,0.00165511
1.4519e-07,0.997401,0.00259885
2.06601e-07,0.995765,0.00423465
2.22431e-07,0.995509,0.00449061
3.75673e-08,0.998977,0.00102273
3.75673e-08,0.998977,0.00102273
3.75673e-08,0.998977,0.00102273
3.75673e-08,0.998977,0.00102273
3.75673e-08,0.998977,0.00102273
3.75673e-08,0.998977,0.00102273
3.75673e-08,0.998977,0.00102273
3.75673e-08,0.998977,0.00102273
3.75673e-08,0.998977,0.00102273
3.75673e-08,0.998977,0.00102273
3.75673e-08,0.998977,0.00102273
3.75673e-08,0.998977,0.00102273
3.75673e-08,0.998977,0.00102273
3.75673e-08,0.998977,0.00102273
3.75673e-08,0.998977,0.00102273
3.75673e-08,0.998977,0.00102273
3.75673e-08,0.998977,0.00102273
9.42022e-06,0.999519,0.00047116
1.98417e-05,0.988416,0.0115638
7.03491e-09,0.0098545,0.990146
1.07531e-09,0.00120795,0.998792
1.41442e-08,0.178753,0.821247
4.81594e-08,0.992278,0.00772231
1.12198e-09,0.999877,0.000123189
1.86115e-09,0.999992,8.51654e-06
1.29356e-10,1.0,2.93416e-07
1.49415e-10,1.0,4.33568e-08
1.22715e-10,1.0,7.72548e-09
3.2601e-10,1.0,1.46615e-08
5.18798e-10,1.0,1.07331e-07
3.9406e-10,1.0,1.90151e-08
1.74636e-10,1.0,8.00726e-09
4.05635e-10,1.0,2.23728e-08
6.57147e-10,1.0,1.72377e-08
5.85864e-09,1.0,1.39802e-07
3.99492e-08,0.999998,1.59363e-06
1.78043e-07,0.999992,7.40639e-06
2.85539e-08,0.999966,3.42637e-05
2.12661e-09,0.999942,5.80194e-05
4.11459e-10,0.999874,0.000125888
1.45501e-08,0.998695,0.00130456
1.56369e-08,0.998267,0.00173252
1.38535e-08,0.999275,0.000725079
2.52661e-08,0.999109,0.000891131
6.26081e-08,0.998591,0.0014093
1.51465e-07,0.997273,0.00272694
1.42077e-07,0.996942,0.00305802
1.69586e-07,0.99639,0.00360945
3.75673e-08,0.998977,0.00102273
3.75673e-08,0.998977,0.00102273
3.75673e-08,0.998977,0.00102273
3.75673e-08,0.998977,0.00102273
3.75673e-08,0.998977,0.00102273
3.75673e-08,0.998977,0.00102273
3.75673e-08,0.998977,0.00102273
3.75673e-08,0.998977,0.00102273
3.75673e-08,0.998977,0.00102273
3.75673e-08,0.998977,0.00102273
3.75673e-08,0.998977,0.00102273
3.75673e-08,0.998977,0.00102273
3.75673e-08,0.998977,0.00102273
3.75673e-08,0.998977,0.00102273
3.75673e-08,0.998977,0.00102273
3.75673e-08,0.998977,0.00102273
3.75673e-08,0.998977,0.00102273
0.0670449,0.680439,0.252516
0.695936,0.0212381,0.282826
0.000159128,0.996868,0.0029731
2.77852e-06,0.000375723,0.999622
6.40796e-06,0.000979139,0.999014
5.59469e-05,0.0219854,0.977959
3.94053e-05,0.986183,0.0137773
1.55643e-06,0.997885,0.00211382
8.56155e-08,0.999478,0.000522046
1.02631e-09,0.999913,8.7469e-05
8.13816e-09,0.999942,5.80923e-05
2.92242e-09,0.999713,0.000286977
1.27305e-09,0.999503,0.000497167
1.55245e-10,0.999982,1.82805e-05
1.98202e-10,1.0,3.43234e-07
2.72129e-10,1.0,6.3913e-09
4.86148e-11,1.0,4.40056e-09
1.79392e-10,1.0,2.62075e-08
9.41076e-09,0.999999,7.38712e-07
1.07961e-07,0.999989,1.05643e-05
1.53112e-06,0.999739,0.000258996
1.35492e-09,0.999972,2.84715e-05
2.11109e-09,0.99988,0.000120154
3.03791e-10,0.999875,0.000125407
1.0724e-09,0.999747,0.000253422
6.92883e-09,0.999551,0.000448643
9.08731e-09,0.999486,0.000514157
9.29739e-08,0.998216,0.00178359
1.19083e-07,0.997876,0.00212372
1.72609e-07,0.99635,0.00365032
1.98999e-07,0.995897,0.00410299
3.75673e-08,0.998977,0.00102273
3.75673e-08,0.998977,0.00102273
3.75673e-08,0.998977,0.00102273
3.75673e-08,0.998977,0.00102273
3.75673e-08,0.998977,0.00102273
3.75673e-08,0.998977,0.00102273
3.75673e-08,0.998977,0.00102273
3.75673e-08,0.998977,0.00102273
3.75673e-08,0.998977,0.00102273
3.75673e-08,0.998977,0.00102273
3.75673e-08,0.998977,0.00102273
3.75673e-08,0.998977,0.00102273
3.75673e-08,0.998977,0.00102273
3.75673e-08,0.998977,0.00102273
3.75673e-08,0.998977,0.00102273
3.75673e-08,0.998977,0.00102273
3.75673e-08,0.998977,0.00102273
0.0151322,0.933315,0.0515527
0.818953,0.00156026,0.179487
2.16668e-06,0.987238,0.01276
