9.2224e-07,6.89625e-11,0.999999
1.59954e-07,1.02903e-11,1.0
3.5631e-07,4.11381e-11,1.0
2.74482e-06,4.2617e-11,0.999997
0.00155753,4.17096e-09,0.998442
0.0230619,1.16266e-07,0.976938
0.221493,5.17998e-06,0.778501
0.123029,2.18733e-06,0.876969
0.000448084,5.87873e-09,0.999552
3.22395e-06,1.12676e-10,0.999997
0.000123002,4.46244e-09,0.999877
4.78157e-05,1.4613e-09,0.999952
0.00022903,6.1488e-09,0.999771
0.000747068,1.3317e-08,0.999253
2.12724e-05,1.15312e-09,0.999979
0.000349436,1.20675e-08,0.999651
0.000333707,6.70116e-09,0.999666
3.45851e-06,7.45371e-10,0.999997
9.67161e-08,8.26902e-12,1.0
2.77043e-07,3.64498e-11,1.0
4.10798e-07,1.23056e-11,1.0
1.17873e-06,2.34103e-11,0.999999
5.03273e-06,2.21046e-10,0.999995
6.90636e-05,5.22494e-10,0.999931
0.000725424,5.01972e-08,0.999275
0.00972767,6.96821e-08,0.990272
0.00388748,7.98464e-08,0.996113
0.0116902,9.13253e-08,0.98831
0.000141759,5.05479e-09,0.999858
4.22972e-05,3.51712e-09,0.999958
3.40571e-05,3.72385e-10,0.999966
0.000703177,8.73169e-09,0.999297
0.00161851,1.51099e-08,0.998381
0.92449,2.17982e-06,0.0755081
0.985984,2.19152e-05,0.0139942
0.655097,3.10522e-06,0.344899
0.981898,3.58862e-07,0.018102
0.561991,8.79699e-08,0.438009
0.109622,1.16321e-07,0.890378
0.000157242,1.04225e-09,0.999843
9.49148e-05,2.85203e-09,0.999905
3.48792e-05,1.59002e-09,0.999965
0.0003847,2.53032e-08,0.999615
0.00600964,1.11797e-06,0.993989
0.0189155,0.000143861,0.980941
0.203211,0.0140449,0.782744
0.108867,0.861927,0.0292062
0.000876033,0.997081,0.00204318
0.000170205,0.997127,0.00270246
3.73688e-06,0.999498,0.000498059
6.04557e-06,0.962089,0.0379048
1.99298e-06,0.992215,0.00778259
3.77336e-06,0.971278,0.0287183
4.09628e-06,0.972957,0.0270387
7.9956e-06,0.943545,0.0564472
8.92593e-06,0.939034,0.0609571
1.55322e-05,0.876527,0.123457
1.68157e-05,0.867082,0.132901
3.13552e-05,0.788587,0.211382
6.40248e-05,0.662448,0.337488
3.55049e-05,0.848456,0.151508
4.93521e-05,0.80198,0.19797
4.95596e-05,0.748488,0.251463
2.79191e-05,0.769225,0.230747
9.25912e-10,1.13967e-12,1.0
1.16099e-08,1.52531e-12,1.0
3.36006e-08,8.62483e-13,1.0
2.12595e-06,5.64025e-11,0.999998
0.000156305,2.30251e-09,0.999844
6.84915e-05,1.28995e-09,0.999931
1.94984e-06,2.12052e-11,0.999998
0.000180959,3.53329e-09,0.999819
0.000171553,1.17647e-09,0.999828
0.000579273,6.34602e-09,0.999421
0.0174125,4.0827e-08,0.982588
0.00038584,5.60336e-09,0.999614
8.69667e-08,6.26799e-11,1.0
4.91173e-09,1.91042e-12,1.0
6.44871e-08,2.14626e-11,1.0
9.85847e-07,1.70604e-11,0.999999
7.15494e-05,3.83998e-10,0.999928
0.0341005,2.31179e-08,0.965899
5.08279e-06,3.42634e-09,0.999995
3.44909e-13,4.09154e-14,1.0
2.41777e-13,1.28728e-15,1.0
2.37636e-13,3.38439e-17,1.0
1.33179e-12,9.55358e-16,1.0
5.84507e-11,7.05755e-15,1.0
6.68905e-12,1.17001e-14,1.0
8.80412e-12,3.84559e-15,1.0
7.42572e-11,2.5975e-14,1.0
4.07457e-09,5.85112e-13,1.0
5.59555e-08,1.00343e-11,1.0
0.000141823,1.39966e-08,0.999858
0.164828,1.33918e-05,0.835159
0.996896,7.48065e-05,0.00302918
0.99935,0.000456681,0.0001932
0.641414,0.00115255,0.357434
0.0663693,5.2022e-06,0.933625
0.105274,1.25201e-05,0.894713
0.15648,1.84691e-05,0.843502
0.482229,0.00017449,0.517597
0.00357352,2.26313e-05,0.996404
0.0148836,5.72422e-06,0.985111
0.00233079,2.93494e-08,0.997669
0.00057181,2.02552e-08,0.999428
0.00139414,2.62108e-08,0.998606
1.6306e-05,6.15524e-11,0.999984
1.14236e-06,2.8858e-11,0.999999
1.96585e-06,6.31586e-11,0.999998
4.13191e-06,3.47664e-10,0.999996
7.90528e-07,2.39408e-11,0.999999
4.34748e-07,3.27359e-11,1.0
3.73821e-07,1.53587e-11,1.0
2.08445e-06,7.03038e-11,0.999998
8.18367e-07,8.17608e-12,0.999999
1.80187e-06,3.82788e-11,0.999998
2.4398e-07,1.53426e-11,1.0
1.28587e-06,4.37701e-11,0.999999
2.68157e-09,3.14412e-13,1.0
3.14611e-08,1.16655e-12,1.0
1.17627e-07,4.68215e-12,1.0
5.25304e-07,1.23715e-11,1.0
1.26194e-06,4.10591e-11,0.999999
1.59248e-06,7.73366e-11,0.999998
1.67569e-08,1.30008e-12,1.0
4.40086e-09,2.77723e-13,1.0
8.43062e-08,3.62708e-12,1.0
6.5821e-08,4.44755e-12,1.0
0.0633203,5.477e-08,0.93668
1.24662e-10,1.68058e-12,1.0
1.47425e-13,2.56104e-16,1.0
4.02657e-13,6.04558e-17,1.0
6.47536e-14,1.82175e-17,1.0
1.12218e-11,5.78842e-15,1.0
6.96176e-11,7.42089e-15,1.0
7.18107e-11,2.46161e-14,1.0
7.78426e-10,3.59866e-13,1.0
1.11079e-09,2.65813e-12,1.0
8.00015e-10,2.71773e-12,1.0
6.58564e-08,1.64026e-10,1.0
2.06196e-05,1.98945e-08,0.999979
0.0286446,1.29473e-05,0.971343
0.989368,0.000343428,0.010289
0.999763,0.000205429,3.12728e-05
0.999539,0.000211903,0.000248931
0.99778,2.38037e-05,0.00219651
0.996213,6.91057e-06,0.00378039
0.998382,5.69559e-06,0.00161184
0.914867,0.000284965,0.084848
0.0220381,6.60208e-06,0.977955
0.000409759,3.01124e-07,0.99959
1.29933e-05,2.95412e-10,0.999987
7.7601e-06,5.90393e-10,0.999992
3.84536e-07,1.80079e-11,1.0
7.00816e-08,3.04867e-12,1.0
3.6328e-08,1.02965e-12,1.0
3.4917e-08,8.33241e-13,1.0
4.03417e-08,7.6669e-13,1.0
6.50545e-07,2.19224e-11,0.999999
0.000105823,3.22975e-10,0.999894
5.39742e-05,2.46758e-10,0.999946
9.53919e-06,9.80797e-11,0.99999
1.35491e-06,5.5803e-11,0.999999
3.80831e-08,2.19542e-12,1.0
2.10912e-07,2.65903e-12,1.0
2.17356e-07,4.1396e-12,1.0
4.97849e-07,1.23051e-11,1.0
8.40258e-06,2.11299e-10,0.999992
8.97034e-06,1.77277e-10,0.999991
5.19155e-06,5.08214e-11,0.999995
1.24333e-07,5.34605e-12,1.0
9.64483e-09,6.56328e-13,1.0
2.18378e-09,4.69647e-13,1.0
3.03486e-08,3.25012e-12,1.0
4.09936e-08,1.91876e-12,1.0
2.98529e-06,7.94397e-11,0.999997
0.044628,4.14948e-08,0.955372
0.000581929,8.7358e-09,0.999418
0.00319182,4.25005e-09,0.996808
6.02114e-05,6.37098e-09,0.99994
0.0062787,6.43805e-09,0.993721
0.0287079,1.01837e-06,0.971291
0.773517,2.21525e-05,0.226461
0.311233,0.00155899,0.687208
0.770509,0.00129609,0.228195
0.841193,0.00791694,0.15089
0.71661,0.00317259,0.280217
0.874957,0.00308362,0.121959
0.70298,0.0183342,0.278686
0.359832,0.497922,0.142246
0.0137223,0.984528,0.00174943
0.000215279,0.999695,8.98744e-05
1.06889e-05,0.999487,0.000502066
2.58897e-06,0.998182,0.00181544
2.92956e-06,0.990723,0.00927439
2.98982e-06,0.988464,0.0115329
7.53365e-06,0.966689,0.0333036
7.69517e-06,0.964647,0.035345
3.12936e-05,0.865529,0.13444
2.07228e-05,0.83168,0.1683
1.10495e-05,0.883162,0.116827
1.9618e-05,0.757499,0.242482
1.34682e-05,0.899962,0.100025
1.39637e-05,5.74423e-07,0.999985
0.00192435,4.12955e-06,0.998071
0.00525216,1.51448e-05,0.994733
0.0745143,0.000343929,0.925142
1.44252e-05,1.03695e-09,0.999986
1.50647e-07,1.07524e-11,1.0
2.04988e-08,2.56527e-12,1.0
4.0917e-08,1.98984e-12,1.0
2.15202e-07,6.77304e-12,1.0
9.39782e-08,3.87702e-12,1.0
2.21352e-06,4.72964e-11,0.999998
1.012e-06,1.4368e-11,0.999999
4.48463e-06,1.30846e-10,0.999995
1.82183e-05,2.04116e-10,0.999982
8.38433e-05,4.85831e-09,0.999916
2.56442e-05,6.12924e-10,0.999974
2.33043e-06,2.16607e-10,0.999998
1.32353e-06,1.58491e-10,0.999999
4.25124e-07,3.44555e-11,1.0
7.53687e-07,1.10805e-10,0.999999
8.86265e-08,1.32479e-11,1.0
0.000359851,4.61152e-09,0.99964
1.42461e-10,3.09728e-11,1.0
2.82079e-12,2.58411e-12,1.0
2.37327e-12,2.55855e-12,1.0
1.59501e-12,1.66495e-12,1.0
8.11635e-14,2.45671e-15,1.0
2.9928e-12,1.54617e-14,1.0
9.98995e-12,6.91735e-14,1.0
3.82948e-10,4.01363e-13,1.0
5.79276e-07,2.1498e-10,0.999999
0.000322552,4.37677e-08,0.999677
0.160731,1.29341e-05,0.839256
0.997553,1.62854e-05,0.00243086
0.999849,3.13989e-05,0.000119273
0.999746,9.13986e-05,0.000162983
0.999321,0.000136349,0.000542827
0.984667,8.43637e-05,0.0152489
0.975933,5.21951e-05,0.0240152
0.9794,0.000135605,0.0204647
0.794148,0.00057824,0.205274
0.00178731,5.83631e-07,0.998212
4.04042e-08,3.33741e-12,1.0
1.45455e-06,3.12487e-11,0.999999
8.98871e-05,1.18514e-09,0.99991
0.000781537,1.39346e-08,0.999218
0.000108682,1.18054e-09,0.999891
2.0007e-06,5.67464e-11,0.999998
3.03675e-06,1.22981e-10,0.999997
1.93439e-06,3.35467e-11,0.999998
2.79775e-06,1.71363e-10,0.999997
5.22072e-07,2.37096e-11,1.0
8.75422e-08,2.62334e-12,1.0
6.45591e-07,2.48617e-11,0.999999
2.17747e-06,2.70232e-11,0.999998
2.01464e-06,8.3052e-11,0.999998
9.72797e-06,4.94046e-10,0.99999
3.39659e-07,5.54276e-11,1.0
2.008e-08,1.27054e-12,1.0
1.27959e-07,6.14637e-12,1.0
2.47117e-07,3.30994e-12,1.0
2.41329e-06,3.77982e-11,0.999998
2.91708e-05,2.03962e-10,0.999971
8.23827e-05,7.45477e-10,0.999918
8.05465e-05,4.95005e-10,0.999919
0.000181285,2.98398e-09,0.999819
8.88989e-05,1.965e-09,0.999911
5.09179e-05,2.31151e-09,0.999949
8.25779e-06,2.51757e-10,0.999992
0.00126767,1.03715e-07,0.998732
3.34411e-11,5.0804e-13,1.0
5.91256e-13,7.69743e-15,1.0
1.13478e-11,1.86561e-14,1.0
1.59678e-11,1.35707e-13,1.0
4.36594e-10,8.73912e-13,1.0
1.06131e-10,8.09493e-14,1.0
1.82657e-09,1.02602e-12,1.0
4.41837e-10,1.95973e-12,1.0
4.37295e-07,4.58436e-10,1.0
5.43056e-05,2.73598e-08,0.999946
0.184088,2.92417e-05,0.815883
0.998852,5.727e-05,0.00109018
0.999635,0.000254218,0.00011047
0.999534,0.000397435,6.82432e-05
0.999613,0.000266501,0.000120733
0.994688,0.000220558,0.00509175
0.993381,3.52409e-05,0.00658338
0.996406,4.53361e-05,0.00354902
0.0287917,1.69628e-05,0.971191
2.14111e-05,8.48486e-09,0.999979
8.23211e-06,1.60382e-08,0.999992
3.34989e-08,4.82965e-13,1.0
2.98802e-08,5.80441e-13,1.0
1.99469e-07,2.36564e-12,1.0
1.24968e-07,1.2347e-12,1.0
1.72117e-06,2.36087e-11,0.999998
0.000488823,3.11269e-09,0.999511
0.00176179,3.84711e-08,0.998238
5.78228e-05,1.56085e-09,0.999942
6.28204e-06,1.50219e-09,0.999994
1.59658e-08,2.42906e-12,1.0
2.32027e-08,1.31205e-12,1.0
2.79079e-09,1.36756e-13,1.0
7.88024e-09,3.37094e-13,1.0
3.2892e-08,7.40566e-13,1.0
4.5668e-07,2.95884e-11,1.0
4.58461e-06,4.18079e-11,0.999995
0.000748187,8.83768e-09,0.999252
0.000536899,5.94147e-09,0.999463
2.65637e-05,5.14028e-09,0.999973
2.27072e-07,1.42772e-11,1.0
1.67291e-06,1.1749e-10,0.999998
6.95093e-08,2.4604e-12,1.0
2.53232e-07,1.0332e-11,1.0
1.58947e-06,1.25064e-11,0.999998
7.05187e-05,1.57524e-09,0.999929
0.000334592,4.19476e-09,0.999665
0.000217854,1.83848e-08,0.999782
5.90544e-05,9.06754e-10,0.999941
2.82638e-05,5.43062e-09,0.999972
0.000220887,6.97333e-08,0.999779
0.00317532,8.07999e-07,0.996824
0.0737857,0.000164742,0.92605
0.544211,0.0280585,0.427731
0.514821,0.0902411,0.394938
0.114582,0.0459815,0.839437
0.00851155,3.56957e-05,0.991453
0.0402964,9.33262e-06,0.959694
0.0682833,1.98264e-05,0.931697
0.416217,0.00357246,0.58021
0.0891817,0.692411,0.218407
8.78109e-05,0.999229,0.000683432
9.90498e-06,0.986699,0.013291
7.80051e-07,0.998189,0.00180976
2.06508e-06,0.979502,0.020496
1.374e-05,0.983005,0.0169817
1.68519e-05,0.962957,0.037026
2.95051e-05,0.934961,0.0650095
1.6543e-05,0.9078,0.0921835
1.72637e-05,0.911291,0.0886922
1.0935e-05,0.954898,0.0450914
1.16944e-05,0.921195,0.0787938
5.34814e-06,0.653056,0.346939
8.22885e-06,0.587275,0.412717
7.11984e-06,0.0269047,0.973088
1.10919e-05,0.426085,0.573904
0.395255,3.00177e-05,0.604715
0.198024,7.3428e-05,0.801902
8.95662e-07,1.36686e-11,0.999999
1.52658e-05,3.98663e-10,0.999985
9.7428e-07,1.32168e-11,0.999999
8.4174e-05,6.14971e-10,0.999916
0.000110338,4.42447e-09,0.99989
0.000140822,3.34454e-09,0.999859
3.52397e-06,1.1211e-10,0.999996
1.31468e-06,3.55816e-11,0.999999
2.18397e-05,3.5247e-10,0.999978
2.50091e-05,7.31273e-10,0.999975
1.16004e-07,2.70589e-11,1.0
1.62437e-06,4.97883e-11,0.999998
1.46033e-05,3.53473e-10,0.999985
9.43618e-05,9.29723e-10,0.999906
0.00707946,5.03731e-08,0.99292
2.02565e-05,1.42671e-09,0.99998
1.25435e-05,6.44073e-10,0.999987
1.37248e-11,1.81794e-14,1.0
1.13467e-11,1.41521e-14,1.0
1.31222e-12,1.19564e-15,1.0
2.08056e-12,5.18312e-16,1.0
2.32569e-11,2.42123e-15,1.0
6.61236e-11,1.89593e-14,1.0
4.82815e-09,1.75992e-12,1.0
1.28349e-08,1.57346e-11,1.0
5.66974e-08,4.22676e-11,1.0
6.05948e-06,3.86448e-09,0.999994
0.00148616,1.73565e-06,0.998512
0.345205,0.00056135,0.654233
0.993931,0.00172024,0.00434865
0.991273,0.00479035,0.00393715
0.990204,0.00277109,0.00702506
0.997342,0.000456699,0.00220159
0.996993,6.12778e-05,0.00294537
0.996329,2.98205e-05,0.00364123
0.996278,7.13699e-05,0.00365096
0.49741,0.000145872,0.502444
0.0049367,7.95136e-07,0.995063
1.91882e-07,1.52167e-11,1.0
1.67271e-06,3.74396e-11,0.999998
8.77685e-07,1.73283e-11,0.999999
2.54151e-05,1.28851e-10,0.999975
3.44098e-05,2.17408e-10,0.999966
2.74566e-05,6.98798e-10,0.999973
0.000246855,3.10719e-09,0.999753
0.000131715,9.9409e-10,0.999868
4.49648e-05,1.03702e-09,0.999955
2.80941e-05,1.67568e-09,0.999972
4.41375e-05,1.23233e-09,0.999956
1.51398e-06,2.27764e-11,0.999998
1.31169e-06,4.63848e-11,0.999999
2.65417e-07,4.19501e-12,1.0
1.00075e-06,1.69862e-11,0.999999
7.11834e-07,1.22e-11,0.999999
3.10586e-07,1.00242e-10,1.0
3.3277e-08,1.40251e-12,1.0
8.11961e-07,8.58796e-11,0.999999
2.27716e-06,4.15237e-11,0.999998
3.03971e-07,1.99776e-11,1.0
3.25199e-07,8.98546e-12,1.0
9.39338e-07,2.45699e-11,0.999999
1.71856e-06,9.90918e-11,0.999998
7.2609e-06,3.55485e-10,0.999993
4.58316e-06,1.74767e-10,0.999995
2.16458e-05,5.30252e-10,0.999978
6.73236e-14,2.34372e-17,1.0
4.62552e-13,1.085e-16,1.0
5.15056e-11,7.15929e-15,1.0
2.85771e-10,1.15689e-13,1.0
1.25223e-09,6.35051e-13,1.0
2.2278e-09,4.07031e-12,1.0
3.03062e-08,2.37759e-11,1.0
1.81402e-06,1.07607e-09,0.999998
2.14326e-05,9.42397e-08,0.999978
0.000738225,1.27857e-05,0.999249
0.151321,0.00587864,0.842801
0.948886,0.0117342,0.0393798
0.990447,0.00734949,0.00220363
0.992918,0.00502115,0.00206039
0.998408,0.000950904,0.000640826
0.999665,0.000216648,0.000118602
0.996958,8.53492e-05,0.00295656
0.997984,5.08236e-05,0.00196542
0.456575,3.9532e-05,0.543386
0.067296,6.43461e-06,0.932698
0.00786165,8.19574e-06,0.99213
1.13983e-05,4.30517e-09,0.999989
3.32481e-08,3.47439e-12,1.0
3.06137e-07,1.70985e-11,1.0
1.51986e-07,8.92382e-12,1.0
8.26386e-08,2.81303e-12,1.0
3.28404e-07,1.34211e-11,1.0
3.10479e-06,4.90741e-11,0.999997
3.18946e-05,5.61562e-10,0.999968
4.64508e-05,7.18745e-10,0.999954
7.70682e-06,3.1008e-10,0.999992
2.67883e-07,4.19385e-11,1.0
9.73417e-08,2.07224e-11,1.0
5.60088e-08,3.08507e-12,1.0
1.55856e-08,1.64803e-12,1.0
8.0572e-08,3.94154e-11,1.0
4.46222e-08,2.88897e-12,1.0
3.73012e-08,1.07258e-12,1.0
7.05816e-08,7.21141e-13,1.0
2.49796e-07,3.74056e-12,1.0
8.30787e-06,5.54588e-11,0.999992
4.88562e-05,7.89657e-10,0.999951
9.85877e-06,2.99423e-10,0.99999
7.52856e-06,2.78729e-10,0.999992
5.79247e-06,1.13133e-10,0.999994
3.80408e-07,1.40913e-11,1.0
2.27409e-06,2.83667e-10,0.999998
2.29899e-07,2.0693e-11,1.0
0.000114548,1.82769e-09,0.999885
7.83096e-05,1.13198e-08,0.999922
2.33432e-05,8.31368e-10,0.999977
2.69348e-06,3.64911e-10,0.999997
3.40568e-05,6.77019e-10,0.999966
0.00389503,1.81105e-08,0.996105
0.0224046,2.05619e-06,0.977593
0.0133954,5.20873e-05,0.986553
0.0625083,0.000808344,0.936683
0.170264,0.0172121,0.812524
0.116245,0.354033,0.529722
0.131408,0.604985,0.263607
0.0205725,0.900524,0.0789035
0.00157673,0.975649,0.0227741
6.56743e-05,0.997422,0.00251205
6.40132e-06,0.998397,0.00159634
1.30185e-06,0.998743,0.00125528
1.42526e-06,0.99624,0.00375902
1.0991e-06,0.996755,0.00324409
1.59924e-06,0.994583,0.00541557
1.26322e-06,0.994925,0.00507371
1.7502e-06,0.991175,0.0088235
7.55263e-06,0.9586,0.0413926
1.01102e-05,0.932513,0.0674771
1.14661e-05,0.882823,0.117165
9.43893e-06,0.897864,0.102126
1.03028e-05,0.853581,0.146409
0.0038581,1.26521e-06,0.996141
0.373169,8.01302e-05,0.626751
0.0034567,3.03732e-07,0.996543
2.12436e-05,9.10925e-09,0.999979
7.74886e-08,3.63901e-12,1.0
5.12456e-07,1.37978e-11,1.0
2.1739e-06,2.23399e-11,0.999998
1.70364e-06,1.67281e-11,0.999998
3.27736e-06,7.48257e-11,0.999997
1.66649e-07,1.41369e-12,1.0
0.000107746,1.16448e-09,0.999892
1.79891e-05,8.77833e-11,0.999982
2.34347e-05,2.11086e-10,0.999977
0.000382392,5.31748e-09,0.999618
5.87302e-06,3.56172e-11,0.999994
8.67514e-06,3.45547e-10,0.999991
8.50773e-09,1.75577e-12,1.0
3.59534e-09,6.66974e-13,1.0
5.16711e-09,2.75741e-13,1.0
7.61404e-07,1.1113e-11,0.999999
3.66087e-06,1.21046e-11,0.999996
0.33732,3.2248e-07,0.662679
0.000264746,1.84907e-09,0.999735
6.75542e-05,1.24836e-09,0.999932
3.66547e-05,1.64927e-09,0.999963
3.58324e-05,4.18432e-09,0.999964
1.51346e-06,7.67251e-10,0.999998
8.78372e-07,1.89897e-10,0.999999
2.98932e-07,1.38056e-10,1.0
2.03295e-05,5.22193e-09,0.99998
0.0236875,2.87684e-06,0.97631
0.438777,0.000227909,0.560995
0.855572,0.0060915,0.138336
0.906687,0.0587328,0.03458
0.547767,0.361874,0.0903594
0.354575,0.508325,0.1371
0.177491,0.781722,0.0407873
0.0220636,0.973406,0.00453051
0.00171454,0.996306,0.00197957
0.000107243,0.999255,0.000637733
9.25343e-06,0.997993,0.00199803
7.48773e-06,0.996251,0.0037418
3.81253e-06,0.984692,0.0153046
4.53953e-06,0.958925,0.0410699
8.12378e-06,0.93329,0.0667014
0.00261557,0.331684,0.665701
0.225108,0.0634486,0.711444
0.0560713,0.00137068,0.942558
0.072298,0.000415022,0.927287
0.251769,7.28205e-05,0.748159
0.0520964,6.10684e-06,0.947897
0.0144909,3.22807e-06,0.985506
2.88069e-06,2.21592e-09,0.999997
3.16418e-07,4.7055e-11,1.0
1.08929e-07,6.83006e-11,1.0
1.92102e-07,1.66958e-11,1.0
3.87986e-06,3.94394e-10,0.999996
1.03337e-05,1.82686e-10,0.99999
2.01363e-05,6.00038e-10,0.99998
8.87899e-07,1.82595e-11,0.999999
4.00929e-06,1.94395e-10,0.999996
1.76112e-06,9.99832e-12,0.999998
9.58265e-06,4.46756e-11,0.99999
1.91592e-05,1.78776e-10,0.999981
4.58283e-06,6.20632e-11,0.999995
5.2964e-05,9.3442e-10,0.999947
2.2348e-05,1.60268e-10,0.999978
8.51732e-05,2.16253e-09,0.999915
7.97902e-06,1.86689e-10,0.999992
2.81688e-06,2.62845e-10,0.999997
1.2087e-06,5.66422e-11,0.999999
3.13459e-07,1.91899e-10,1.0
2.09731e-07,2.66391e-11,1.0
4.11615e-05,1.00839e-08,0.999959
0.00198009,6.01458e-08,0.99802
0.641076,3.20903e-06,0.358921
0.855052,4.45608e-05,0.144904
0.22529,0.000106201,0.774604
0.0387194,1.46896e-05,0.961266
0.0172936,6.09459e-06,0.9827
0.0187075,8.83743e-05,0.981204
0.0120243,0.0156323,0.972343
0.000310106,0.988034,0.0116564
5.62443e-06,0.996784,0.00320995
8.2872e-07,0.998339,0.0016598
1.38383e-06,0.994341,0.00565733
1.87625e-06,0.991307,0.00869091
2.38334e-06,0.984057,0.0159407
2.12439e-06,0.987603,0.0123949
2.10438e-06,0.988326,0.0116719
3.09066e-06,0.976556,0.0234411
2.15714e-06,0.989597,0.0104013
2.52167e-06,0.989934,0.0100632
5.236e-06,0.929509,0.0704858
5.9086e-06,0.854814,0.14518
3.97739e-07,0.000270369,0.999729
0.470193,4.08147e-05,0.529766
0.333193,9.48786e-05,0.666712
0.0293663,0.000114406,0.970519
7.2914e-06,2.6901e-09,0.999993
5.76476e-08,1.16711e-11,1.0
3.13849e-08,1.02583e-11,1.0
8.32779e-08,7.77152e-12,1.0
4.6592e-06,4.48662e-11,0.999995
3.95373e-06,5.76406e-11,0.999996
1.4771e-06,2.09002e-11,0.999999
0.000148725,7.86368e-10,0.999851
5.82909e-05,5.96175e-10,0.999942
2.23741e-05,8.0822e-10,0.999978
6.30333e-07,6.00822e-11,0.999999
1.7858e-07,1.84237e-11,1.0
7.33381e-07,5.25467e-11,0.999999
9.9185e-05,4.90708e-10,0.999901
3.85287e-05,8.62336e-10,0.999961
9.88497e-05,2.45476e-09,0.999901
0.00357485,6.09064e-08,0.996425
0.000867372,8.08619e-09,0.999133
0.150675,3.05956e-07,0.849324
1.233e-09,1.09978e-11,1.0
5.85487e-12,4.58398e-14,1.0
8.36196e-13,1.76932e-16,1.0
3.55111e-11,3.18596e-15,1.0
3.31136e-12,2.42371e-16,1.0
2.54843e-11,1.27872e-14,1.0
6.96516e-13,1.20588e-16,1.0
1.88882e-11,1.97936e-14,1.0
7.50307e-11,3.55091e-14,1.0
1.9893e-09,9.02749e-13,1.0
1.8554e-06,1.50396e-10,0.999998
0.0477118,9.03967e-07,0.952287
0.996161,4.9472e-06,0.00383446
0.999481,4.3878e-05,0.000474971
0.999776,5.54647e-05,0.000168292
0.940273,0.000184362,0.0595429
0.0955144,5.81557e-06,0.90448
0.248693,1.67481e-05,0.75129
0.537001,2.90937e-05,0.46297
0.00139251,1.09125e-07,0.998607
7.72215e-05,4.16973e-09,0.999923
3.73476e-05,2.84678e-09,0.999963
0.000741931,1.29269e-08,0.999258
1.65797e-05,3.47489e-10,0.999983
0.00129122,6.27135e-09,0.998709
0.00532553,1.67826e-07,0.994674
0.0125078,1.00002e-07,0.987492
0.00417078,3.87166e-07,0.995829
0.00283091,2.64241e-07,0.997169
1.1021e-05,2.60109e-09,0.999989
3.991e-08,7.06494e-12,1.0
3.12973e-08,3.11738e-12,1.0
5.00022e-09,2.88985e-13,1.0
1.76124e-09,3.64153e-13,1.0
5.75919e-09,3.44692e-13,1.0
8.72859e-07,2.03352e-12,0.999999
1.81888e-07,2.12071e-11,1.0
1.14201e-05,1.62153e-10,0.999989
1.68879e-05,2.0565e-10,0.999983
0.000130489,1.40221e-09,0.999869
3.7125e-06,4.05104e-11,0.999996
1.13662e-05,2.85036e-10,0.999989
6.87824e-08,1.53357e-11,1.0
2.44186e-08,3.41391e-12,1.0
3.39633e-07,1.83047e-11,1.0
3.53027e-06,3.95946e-11,0.999996
2.57493e-05,6.45085e-11,0.999974
0.127842,8.3226e-08,0.872158
9.30767e-12,4.7474e-15,1.0
1.52692e-13,5.05922e-16,1.0
1.43469e-13,4.52713e-17,1.0
1.14803e-12,7.55389e-17,1.0
1.27834e-12,1.12819e-16,1.0
2.20074e-12,7.62997e-17,1.0
6.65502e-12,2.701e-16,1.0
1.6609e-10,1.90187e-14,1.0
1.30534e-08,2.45726e-12,1.0
7.94704e-08,1.16641e-11,1.0
6.90951e-05,5.88761e-09,0.999931
0.0542712,2.14247e-06,0.945727
0.986682,2.05351e-05,0.0132971
0.998807,0.00017808,0.00101507
0.996842,0.00125869,0.00189915
0.865605,0.000529338,0.133866
0.371803,1.98034e-05,0.628178
0.835145,1.59775e-05,0.164839
0.516147,2.42347e-05,0.483828
0.658505,7.53861e-05,0.34142
0.21656,4.61618e-05,0.783394
0.000448698,3.93521e-08,0.999551
6.38339e-06,1.87547e-09,0.999994
5.10401e-06,2.09562e-10,0.999995
0.000182583,3.78041e-09,0.999817
0.000135308,5.90212e-09,0.999865
1.2442e-05,1.08921e-09,0.999988
4.33838e-06,1.901e-10,0.999996
4.93826e-06,1.10068e-10,0.999995
3.15069e-07,2.02105e-11,1.0
2.50563e-06,1.01487e-10,0.999997
2.981e-06,1.46914e-10,0.999997
1.58897e-05,2.45072e-10,0.999984
5.53602e-05,1.05727e-09,0.999945
4.17639e-05,1.80976e-10,0.999958
1.09249e-05,2.26379e-10,0.999989
6.43048e-08,8.76741e-12,1.0
2.16167e-08,3.97738e-12,1.0
3.96928e-09,1.15738e-12,1.0
9.23645e-08,4.40107e-12,1.0
7.97349e-08,2.30131e-12,1.0
8.86499e-07,1.67396e-11,0.999999
2.64825e-06,2.42708e-11,0.999997
7.31753e-05,6.70865e-10,0.999927
4.19244e-05,7.47156e-10,0.999958
2.11391e-05,1.58284e-10,0.999979
9.70596e-06,4.44795e-10,0.99999
1.41908e-06,9.4299e-11,0.999999
1.72149e-10,3.19318e-12,1.0
1.28451e-12,1.13726e-14,1.0
1.86455e-12,3.01637e-15,1.0
1.31795e-12,7.08009e-16,1.0
8.49164e-12,3.27015e-15,1.0
3.27926e-11,1.31011e-14,1.0
8.64473e-11,5.43272e-14,1.0
1.26822e-09,6.24278e-13,1.0
2.57718e-08,3.22422e-12,1.0
1.49743e-06,1.79818e-10,0.999998
3.26398e-05,1.38964e-09,0.999967
0.117552,2.84244e-06,0.882445
0.985669,2.15845e-05,0.0143099
0.999793,3.05906e-05,0.000176794
0.999831,7.4502e-05,9.46939e-05
0.975983,6.81198e-05,0.0239491
0.928085,2.58048e-05,0.0718891
0.704524,2.7089e-05,0.295449
0.000260454,2.69065e-08,0.999739
0.000207538,2.23318e-08,0.999792
5.66018e-05,2.27031e-08,0.999943
7.47246e-05,1.98391e-08,0.999925
6.10271e-06,1.48355e-10,0.999994
0.00148271,2.06736e-08,0.998517
0.00448895,1.43385e-07,0.995511
0.00449811,9.20282e-08,0.995502
0.000128561,6.73208e-09,0.999871
0.000202772,1.21317e-08,0.999797
4.34965e-05,5.91217e-09,0.999956
0.00058536,1.27231e-08,0.999415
5.57917e-07,5.37245e-11,0.999999
7.50281e-07,1.38753e-10,0.999999
3.65372e-07,3.54922e-11,1.0
8.30338e-06,2.28011e-10,0.999992
0.000255936,7.72206e-09,0.999744
0.000566197,1.98124e-08,0.999434
0.00022246,1.60813e-09,0.999777
0.000237226,2.40887e-09,0.999763
0.00240308,5.04864e-08,0.997597
6.95044e-05,1.10741e-09,0.999931
1.08442e-05,1.3606e-10,0.999989
1.63076e-05,5.8671e-10,0.999984
1.11096e-07,1.32399e-11,1.0
1.10231e-06,3.68214e-11,0.999999
8.59577e-07,2.61367e-11,0.999999
0.00213109,6.72384e-09,0.997869
0.000194567,9.55122e-10,0.999806
5.028e-05,5.04246e-09,0.99995
0.00386733,6.89062e-08,0.996133
0.127263,7.16036e-06,0.87273
0.0713785,4.93518e-06,0.928617
0.000702492,2.00216e-07,0.999297
0.00013039,1.17376e-07,0.999869
0.000112565,9.98553e-08,0.999887
0.00221292,1.55708e-06,0.997785
0.000406244,5.42026e-07,0.999593
0.00269304,5.64192e-07,0.997306
0.00312162,9.05912e-06,0.996869
0.0214617,7.32526e-05,0.978465
0.0219714,0.00784274,0.970186
0.00895359,0.755126,0.23592
5.51285e-05,0.997447,0.00249782
1.58719e-05,0.95495,0.0450341
3.17795e-06,0.990721,0.00927568
5.1798e-06,0.967965,0.0320294
9.65924e-06,0.965164,0.0348267
3.418e-05,0.756239,0.243727
2.23226e-05,0.860298,0.13968
2.27585e-05,0.871948,0.12803
9.48928e-06,0.914144,0.0858469
4.52386e-06,0.958321,0.0416744
4.18714e-06,0.957316,0.0426801
5.85126e-06,0.192431,0.807563
2.62575e-05,0.000163134,0.999811
0.847402,6.53035e-05,0.152533
0.869973,0.00015181,0.129875
2.99565e-06,1.29817e-09,0.999997
1.25554e-07,9.29491e-11,1.0
2.20942e-07,2.07848e-11,1.0
3.06595e-07,2.98946e-11,1.0
7.69239e-05,1.33031e-09,0.999923
0.00903236,9.06777e-08,0.990968
0.268982,8.31517e-07,0.731017
0.235498,4.75262e-06,0.764498
0.0728706,9.27465e-07,0.927128
7.10415e-06,1.26436e-10,0.999993
2.21268e-07,1.25751e-11,1.0
2.94921e-08,2.74224e-12,1.0
5.17157e-08,3.25371e-12,1.0
1.57633e-08,2.79036e-13,1.0
1.85397e-07,4.245e-12,1.0
1.05838e-06,2.22329e-11,0.999999
9.98993e-07,1.96511e-11,0.999999
1.48091e-06,2.73414e-11,0.999999
5.78578e-07,1.81361e-11,0.999999
0.00393687,7.57367e-09,0.996063
2.41703e-08,1.67659e-10,1.0
5.29225e-13,9.05036e-15,1.0
1.10875e-12,3.01685e-15,1.0
1.22675e-11,2.86459e-15,1.0
1.16547e-12,3.12797e-16,1.0
6.13986e-12,2.20964e-15,1.0
3.52341e-11,1.68774e-14,1.0
3.96138e-10,2.2349e-13,1.0
2.57663e-09,1.46773e-12,1.0
1.20332e-08,4.91263e-12,1.0
1.13476e-06,4.50428e-10,0.999999
4.72334e-05,1.16886e-08,0.999953
0.363926,5.5301e-06,0.636068
0.995846,1.77263e-05,0.00413645
0.99886,0.000107272,0.0010327
0.885865,0.000362265,0.113773
0.0345785,6.47982e-06,0.965415
0.0164219,3.41692e-06,0.983575
0.00417383,4.15967e-07,0.995826
2.07969e-05,7.62217e-09,0.999979
5.0792e-08,1.50418e-11,1.0
5.36582e-07,4.4997e-11,0.999999
1.58764e-06,2.48094e-11,0.999998
7.55465e-06,1.05369e-10,0.999992
1.87481e-07,2.4531e-12,1.0
4.63648e-08,1.03009e-12,1.0
2.49833e-08,7.83095e-13,1.0
5.21562e-09,1.18195e-13,1.0
3.36045e-09,9.31991e-14,1.0
2.35305e-08,2.8142e-13,1.0
4.86563e-07,4.62049e-12,1.0
1.00416e-06,1.0062e-11,0.999999
1.89336e-06,2.69044e-11,0.999998
7.47978e-07,1.92197e-11,0.999999
4.62101e-06,2.72919e-11,0.999995
1.35624e-07,2.62032e-12,1.0
1.13251e-06,1.5957e-11,0.999999
1.31088e-06,3.34843e-11,0.999999
1.07969e-08,8.89895e-13,1.0
8.31027e-08,8.02997e-12,1.0
6.07037e-07,9.95112e-12,0.999999
4.08953e-05,9.67156e-10,0.999959
0.00664884,8.76293e-09,0.993351
0.127628,5.99851e-07,0.872371
0.00657521,1.68256e-07,0.993425
0.00114196,1.24885e-07,0.998858
2.58082e-06,8.08851e-10,0.999997
0.000432134,1.78364e-08,0.999568
0.205804,6.93896e-07,0.794195
0.00414371,1.01086e-07,0.995856
0.000937347,7.03049e-08,0.999063
0.000166152,1.53754e-08,0.999834
6.56462e-06,3.81953e-09,0.999993
0.00293748,4.58167e-07,0.997062
0.0218652,6.59943e-05,0.978069
0.0326492,0.00038117,0.96697
0.0573576,0.00535819,0.937284
0.0442903,0.0964631,0.859246
0.104087,0.601821,0.294092
0.0104438,0.974527,0.015029
0.000150576,0.997803,0.00204629
8.70244e-06,0.998894,0.0010976
2.03809e-06,0.998802,0.00119615
1.31639e-06,0.997675,0.00232332
1.19332e-06,0.996411,0.00358755
1.43265e-06,0.993055,0.00694342
2.34884e-06,0.985405,0.0145929
4.04519e-06,0.965529,0.0344667
3.66061e-06,0.97109,0.0289058
6.76837e-06,0.948044,0.051949
8.16711e-06,0.854138,0.145853
9.04575e-06,0.851181,0.14881
0.00104061,3.40006e-06,0.998956
0.324454,1.19424e-05,0.675534
0.587942,0.00013365,0.411924
0.00431767,1.17789e-06,0.995681
0.000146997,6.45359e-09,0.999853
5.40094e-07,1.43703e-11,0.999999
2.61981e-06,5.00869e-11,0.999997
6.67016e-06,8.99563e-11,0.999993
6.11479e-05,1.29845e-09,0.999939
2.52754e-06,6.89332e-11,0.999997
1.49313e-07,1.05398e-11,1.0
2.73035e-06,9.56568e-11,0.999997
1.36244e-07,4.61977e-12,1.0
7.89626e-06,1.28471e-10,0.999992
1.1763e-05,3.04391e-10,0.999988
2.89957e-05,5.86975e-10,0.999971
1.25234e-05,8.19216e-10,0.999987
1.52641e-06,1.157e-10,0.999998
1.10334e-06,4.98523e-11,0.999999
2.75629e-07,1.16418e-11,1.0
2.97805e-08,1.82876e-12,1.0
1.88188e-06,3.12352e-11,0.999998
7.99655e-07,1.25896e-11,0.999999
0.010426,1.65391e-08,0.989574
1.48049e-09,2.75638e-11,1.0
2.71399e-12,3.99291e-11,1.0
1.50118e-11,3.3575e-11,1.0
5.78311e-11,7.90087e-12,1.0
9.71672e-11,3.38837e-11,1.0
1.66402e-10,4.9623e-11,1.0
5.63623e-10,4.00849e-11,1.0
1.27445e-08,6.15685e-10,1.0
9.62041e-06,1.53343e-08,0.99999
0.0292512,2.89537e-06,0.970746
0.990235,1.84882e-05,0.00974685
0.999964,1.8913e-05,1.65914e-05
0.999982,1.67706e-05,1.45626e-06
0.999972,2.70505e-05,1.18408e-06
0.999974,2.34502e-05,2.55827e-06
0.999976,6.88121e-06,1.74093e-05
0.999795,2.12882e-06,0.000203369
0.999829,5.8923e-06,0.00016556
0.960166,3.82499e-05,0.0397962
0.0687652,6.9348e-06,0.931228
3.79634e-05,3.38795e-09,0.999962
0.000311749,3.90208e-08,0.999688
4.91495e-05,1.44845e-09,0.999951
5.14298e-06,1.63934e-10,0.999995
8.90301e-07,1.64871e-11,0.999999
1.19982e-08,8.08155e-13,1.0
7.08033e-08,4.11998e-12,1.0
1.11476e-06,5.99592e-12,0.999999
5.39495e-05,2.06569e-10,0.999946
1.43686e-06,1.60511e-11,0.999999
0.000104498,1.55126e-09,0.999895
1.32173e-05,1.81019e-10,0.999987
5.03656e-08,3.82366e-12,1.0
7.63469e-09,4.9098e-13,1.0
1.60983e-08,4.53968e-13,1.0
3.34307e-08,1.3553e-12,1.0
4.62798e-06,4.48698e-11,0.999995
3.37308e-05,4.88415e-10,0.999966
0.000464541,9.27555e-10,0.999535
0.00283635,2.57417e-08,0.997164
0.0128399,1.97036e-07,0.98716
0.168002,1.95836e-06,0.831996
0.000436192,2.04988e-08,0.999564
4.6751e-06,2.80987e-10,0.999995
3.25119e-06,2.15824e-10,0.999997
8.80569e-05,1.0684e-09,0.999912
3.39009e-06,1.09927e-10,0.999997
1.43205e-08,5.86109e-10,1.0
9.16402e-11,2.48756e-10,1.0
6.04191e-11,4.02658e-10,1.0
1.47416e-10,2.42647e-09,1.0
1.90697e-10,2.39554e-10,1.0
8.41586e-11,2.4861e-10,1.0
1.10317e-10,7.58447e-11,1.0
5.81326e-11,1.51882e-11,1.0
4.50876e-09,5.4435e-11,1.0
5.9439e-06,4.36454e-09,0.999994
0.181603,7.23582e-06,0.818389
0.998534,3.24248e-06,0.00146236
0.999988,7.64867e-06,4.00973e-06
0.999974,2.43297e-05,1.90267e-06
0.999979,1.7679e-05,3.65671e-06
0.999808,3.81746e-06,0.000188535
0.985793,3.43919e-06,0.014204
0.964555,9.17929e-06,0.0354358
0.0159188,1.68952e-06,0.98408
9.50506e-07,1.4743e-10,0.999999
3.51133e-07,7.48776e-11,1.0
8.28173e-08,2.20406e-11,1.0
2.20563e-06,1.71562e-10,0.999998
1.91175e-05,2.46562e-10,0.999981
0.00539023,7.73182e-08,0.99461
1.72227e-05,4.16221e-10,0.999983
9.21048e-06,1.49961e-10,0.999991
3.45332e-05,3.89412e-10,0.999965
0.000279781,9.29938e-10,0.99972
7.73124e-06,7.70218e-11,0.999992
4.96346e-05,5.15603e-10,0.99995
8.72467e-06,3.64921e-11,0.999991
3.69379e-06,9.30567e-11,0.999996
2.10335e-07,1.08847e-11,1.0
6.40862e-07,1.53173e-10,0.999999
5.07694e-08,1.72907e-12,1.0
7.06865e-07,1.36121e-11,0.999999
6.37297e-06,3.31689e-11,0.999994
1.30355e-05,1.07982e-10,0.999987
4.0961e-06,2.07458e-10,0.999996
2.0297e-05,4.56152e-10,0.99998
4.12204e-06,1.47979e-10,0.999996
3.04572e-07,1.46852e-11,1.0
5.43721e-07,8.31304e-12,0.999999
1.31578e-06,2.28371e-11,0.999999
8.92218e-06,3.14697e-11,0.999991
8.81111e-06,8.71801e-11,0.999991
0.000326165,1.41455e-09,0.999674
0.797334,2.71999e-06,0.202664
0.999156,5.4756e-06,0.000838456
0.0147727,6.15022e-06,0.985221
0.010074,3.71745e-08,0.989926
0.00395048,5.05737e-07,0.996049
0.0356815,1.55336e-06,0.964317
0.292317,1.77832e-05,0.707666
0.0994875,0.000295178,0.900217
0.0905664,0.00481565,0.904618
0.105615,0.0844392,0.809946
0.00629712,0.94758,0.0461234
0.000252363,0.995413,0.00433446
1.15866e-05,0.998892,0.0010961
3.62408e-06,0.996553,0.00344354
1.575e-06,0.998246,0.00175246
8.59068e-07,0.998736,0.00126275
8.01923e-07,0.997827,0.00217218
9.01527e-07,0.99677,0.00322908
1.07467e-06,0.995771,0.00422768
1.47875e-06,0.994632,0.00536627
1.90073e-06,0.99454,0.00545769
2.39533e-06,0.988611,0.0113869
3.23048e-06,0.974963,0.0250334
4.8903e-06,0.959451,0.0405445
5.65288e-06,0.965988,0.0340064
8.16172e-06,0.00223064,0.997761
2.97263e-06,0.00293113,0.997066
0.0458477,2.66006e-05,0.954126
0.00508166,3.35702e-06,0.994915
0.00492493,9.38209e-07,0.995074
4.488e-05,1.23994e-08,0.999955
1.2362e-06,5.37424e-11,0.999999
5.1285e-05,7.63727e-10,0.999949
5.32985e-06,8.64953e-11,0.999995
7.91164e-06,4.50037e-11,0.999992
7.81585e-05,2.82504e-10,0.999922
1.48441e-05,1.02103e-10,0.999985
2.45072e-06,4.86547e-11,0.999997
5.86538e-05,6.17447e-10,0.999941
9.47353e-06,2.76639e-10,0.999991
2.93134e-05,6.97985e-10,0.999971
6.5089e-06,3.81024e-11,0.999993
6.32825e-06,3.14869e-11,0.999994
1.09131e-06,1.66798e-11,0.999999
1.3731e-06,1.99117e-11,0.999999
1.14666e-06,4.15132e-11,0.999999
8.12371e-07,9.01175e-12,0.999999
1.20275e-06,2.26132e-11,0.999999
1.68905e-09,5.04507e-10,1.0
1.03375e-11,2.2489e-11,1.0
6.60765e-11,1.55603e-11,1.0
2.41542e-11,6.12715e-13,1.0
1.04937e-10,8.67658e-14,1.0
2.53905e-10,1.20862e-12,1.0
8.00594e-09,4.67571e-11,1.0
2.20544e-05,8.00503e-09,0.999978
0.0227719,2.73679e-06,0.977225
0.99816,2.80075e-06,0.00183757
0.999972,1.17742e-05,1.57227e-05
0.999734,0.000152726,0.000113257
0.999344,0.000192508,0.000463015
0.994515,5.21351e-05,0.00543248
0.97337,2.86171e-05,0.0266011
0.967405,2.15959e-05,0.0325732
0.650051,9.35524e-05,0.349855
0.109413,2.43439e-05,0.890562
2.15743e-05,2.23048e-08,0.999978
5.73586e-06,2.81819e-09,0.999994
1.31481e-06,3.51484e-10,0.999999
6.9678e-06,1.57875e-09,0.999993
0.00129263,2.56548e-08,0.998707
0.18986,8.83406e-07,0.810139
0.0948539,1.49428e-06,0.905145
0.51993,3.43164e-06,0.480067
0.000997741,1.36204e-08,0.999002
0.000203905,3.46436e-09,0.999796
9.22561e-06,5.11987e-10,0.999991
4.78748e-07,3.73412e-11,1.0
1.12149e-06,1.23824e-10,0.999999
1.63773e-07,3.28379e-12,1.0
7.76756e-06,1.84551e-10,0.999992
5.46258e-06,3.93643e-11,0.999995
5.06306e-06,5.08084e-11,0.999995
3.1085e-06,5.00154e-11,0.999997
1.96777e-06,4.80533e-11,0.999998
7.20233e-06,1.29776e-10,0.999993
2.34393e-07,1.1118e-11,1.0
1.21178e-06,3.627e-11,0.999999
6.0746e-07,7.00823e-11,0.999999
2.53279e-07,3.28829e-11,1.0
4.20444e-07,2.39281e-11,1.0
1.1143e-06,2.25188e-11,0.999999
1.92945e-06,3.07442e-11,0.999998
4.9274e-07,1.76975e-11,1.0
4.66294e-07,3.9168e-11,1.0
5.91064e-06,1.19023e-10,0.999994
0.0315466,6.38995e-08,0.968453
3.44738e-11,2.74989e-13,1.0
1.88321e-09,1.38566e-10,1.0
1.00229e-10,1.18053e-12,1.0
1.06749e-11,1.55096e-12,1.0
6.00545e-11,5.35985e-12,1.0
2.79384e-11,6.16626e-12,1.0
2.62087e-09,4.83033e-10,1.0
5.96257e-07,1.00865e-08,0.999999
0.0140845,1.59775e-05,0.9859
0.999753,9.82894e-06,0.000237484
0.999982,1.55991e-05,1.97086e-06
0.999985,1.43649e-05,2.60145e-07
0.999986,1.32116e-05,3.69557e-07
0.999986,1.13426e-05,2.75079e-06
0.999997,1.65586e-06,1.64883e-06
0.999979,1.76881e-06,1.96006e-05
0.999838,3.54744e-06,0.000158189
0.999717,5.37427e-06,0.000277899
0.946612,0.000112532,0.0532752
0.551626,0.000498861,0.447876
0.0192624,7.06339e-06,0.980731
0.000165072,1.13578e-09,0.999835
0.000732086,2.86845e-09,0.999268
0.0636149,1.60491e-07,0.936385
0.000744076,1.40281e-08,0.999256
1.53093e-05,1.03096e-09,0.999985
1.02627e-07,5.4492e-12,1.0
7.4326e-08,6.46128e-12,1.0
1.62773e-06,3.062e-11,0.999998
1.19936e-05,1.36991e-10,0.999988
0.000156844,1.03296e-09,0.999843
6.55828e-05,5.56879e-10,0.999934
0.00271767,2.16675e-08,0.997282
0.000293824,3.21952e-09,0.999706
2.22365e-06,1.3377e-10,0.999998
2.24231e-05,2.45834e-10,0.999978
3.44164e-07,9.81846e-12,1.0
4.31467e-08,1.47676e-12,1.0
2.40984e-07,4.43877e-12,1.0
1.57538e-07,3.5225e-12,1.0
1.61361e-07,2.84088e-12,1.0
7.1126e-08,1.49357e-12,1.0
3.9749e-07,7.38915e-12,1.0
6.30242e-06,2.09847e-11,0.999994
8.08572e-06,4.83885e-11,0.999992
6.31685e-07,9.88589e-12,0.999999
1.94496e-06,7.74237e-11,0.999998
0.00108439,9.92139e-08,0.998916
0.00254057,1.41045e-08,0.997459
0.00150371,7.34759e-07,0.998496
0.0222835,1.2289e-06,0.977715
0.000307143,2.93063e-07,0.999693
0.000742781,2.19525e-07,0.999257
0.00481061,3.15098e-05,0.995158
0.0232807,0.000701774,0.976018
0.00276869,0.596475,0.400756
3.31634e-05,0.974294,0.0256724
6.77496e-06,0.923327,0.0766659
1.39252e-05,0.5531,0.446886
2.91167e-05,0.548616,0.451355
4.2532e-05,0.637922,0.362035
5.96091e-05,0.734242,0.265698
3.85397e-05,0.930502,0.0694596
4.0508e-05,0.800957,0.199003
1.76231e-05,0.872165,0.127817
1.31537e-05,0.907912,0.0920744
7.94516e-06,0.917261,0.0827308
3.94703e-06,0.958014,0.0419817
1.02193e-07,6.14836e-06,0.999994
0.00611549,2.15861e-05,0.993863
1.06485e-08,2.66119e-13,1.0
7.33328e-07,4.7505e-12,0.999999
5.05036e-05,5.77742e-10,0.999949
2.80659e-05,1.37442e-09,0.999972
0.000149592,8.16661e-09,0.99985
7.1927e-06,3.10735e-10,0.999993
1.61948e-06,1.15237e-10,0.999998
1.09983e-06,7.52821e-11,0.999999
1.66277e-06,7.26579e-11,0.999998
2.26441e-05,1.96825e-09,0.999977
3.12756e-05,3.91111e-10,0.999969
0.000283781,7.54383e-09,0.999716
0.00016038,2.07344e-09,0.99984
0.000547536,9.60226e-09,0.999452
2.91845e-06,8.07192e-11,0.999997
1.43513e-06,2.97461e-11,0.999999
5.91724e-06,2.79556e-10,0.999994
8.91212e-07,2.33981e-11,0.999999
1.03317e-07,3.34302e-12,1.0
9.43732e-08,3.78991e-13,1.0
1.42455e-07,3.11196e-12,1.0
1.01663e-06,4.25421e-12,0.999999
3.24448e-06,1.03423e-11,0.999997
2.39894e-06,1.05226e-11,0.999998
7.72602e-06,5.57756e-11,0.999992
0.00775767,5.16951e-08,0.992242
8.63367e-12,3.18493e-13,1.0
8.77975e-13,8.00066e-16,1.0
1.85895e-12,3.02751e-16,1.0
1.46283e-11,5.00957e-16,1.0
6.17475e-12,1.54499e-15,1.0
1.5408e-09,4.71596e-13,1.0
1.35298e-08,5.88533e-12,1.0
2.44059e-08,4.50387e-11,1.0
5.13449e-08,8.12631e-10,1.0
2.738e-06,1.13336e-08,0.999997
0.000361145,2.06368e-06,0.999637
0.0223667,0.000228104,0.977405
0.995419,0.000309024,0.00427172
0.999974,1.25552e-05,1.32209e-05
0.999971,1.83452e-05,1.09775e-05
0.999249,2.88186e-06,0.000748043
0.999079,2.14033e-06,0.00091868
0.916041,9.54113e-06,0.0839497
5.9877e-06,1.42857e-09,0.999994
3.09627e-09,2.46405e-12,1.0
2.08004e-09,3.95858e-13,1.0
5.66575e-08,6.36379e-12,1.0
3.01334e-08,7.37079e-13,1.0
3.50747e-06,4.17072e-11,0.999997
5.55718e-06,9.67238e-11,0.999994
2.1292e-06,3.61742e-11,0.999998
1.07168e-06,5.07961e-11,0.999999
8.17647e-06,1.47582e-10,0.999992
1.82489e-06,1.0983e-10,0.999998
0.000145234,2.32073e-09,0.999855
0.110137,7.99827e-07,0.889863
0.115681,4.0781e-07,0.884318
0.00131079,4.68568e-08,0.998689
5.36777e-07,5.38075e-11,0.999999
2.92145e-08,1.14844e-11,1.0
2.80683e-07,1.64156e-11,1.0
5.06551e-09,6.84616e-13,1.0
1.98991e-07,6.17486e-12,1.0
1.1008e-06,8.54515e-11,0.999999
2.30509e-05,5.33038e-10,0.999977
0.00072212,4.86902e-09,0.999278
0.00289881,1.2231e-07,0.997101
0.114454,3.3732e-06,0.885542
0.404268,2.08801e-05,0.595711
0.0174887,5.10544e-07,0.982511
9.9767e-05,1.63462e-09,0.9999
3.29319e-05,1.7991e-09,0.999967
0.00171236,2.51123e-07,0.998287
0.00576246,6.52196e-07,0.994237
6.19426e-13,6.9378e-15,1.0
4.94848e-13,6.0919e-16,1.0
7.54907e-12,4.12714e-15,1.0
3.21227e-11,2.62669e-13,1.0
8.42493e-11,1.4814e-12,1.0
7.24912e-10,2.46888e-11,1.0
2.13644e-09,3.93468e-10,1.0
1.40205e-08,6.08937e-09,1.0
7.27392e-07,7.44858e-07,0.999999
0.000117621,0.0001819,0.999701
0.800395,0.047929,0.151676
0.993129,0.00671025,0.000161069
0.99374,0.00618577,7.36317e-05
0.996708,0.00314745,0.00014434
0.99959,0.000275747,0.000133775
0.999909,4.03822e-05,5.10532e-05
0.999963,1.28538e-05,2.45571e-05
0.99898,7.87694e-06,0.00101183
0.968334,9.67928e-05,0.0315689
1.26035e-06,1.42459e-10,0.999999
3.01715e-09,2.74345e-13,1.0
6.52065e-10,4.6183e-14,1.0
6.39727e-10,1.34014e-14,1.0
9.02698e-09,1.78296e-13,1.0
1.17098e-08,5.1197e-13,1.0
1.95385e-07,3.08282e-12,1.0
2.85916e-07,5.95794e-12,1.0
1.20764e-07,2.45853e-12,1.0
4.61192e-06,7.51345e-11,0.999995
0.00312636,1.47621e-08,0.996874
0.0154379,7.20239e-08,0.984562
0.00160159,4.13137e-08,0.998398
0.000121528,4.03315e-09,0.999878
0.000469223,1.02652e-08,0.999531
3.12392e-05,1.15847e-09,0.999969
1.65318e-06,1.95645e-10,0.999998
7.56275e-09,2.0597e-12,1.0
8.74946e-09,9.99128e-13,1.0
2.28075e-07,5.85427e-12,1.0
2e-06,2.53597e-11,0.999998
4.40334e-05,1.30949e-10,0.999956
0.000704775,4.45035e-09,0.999295
0.00455464,1.22387e-08,0.995445
0.0133003,1.96521e-07,0.9867
0.00011981,1.91249e-09,0.99988
6.06586e-06,2.49639e-10,0.999994
0.000120007,1.44896e-08,0.99988
5.2089e-09,1.72936e-10,1.0
2.6196e-12,1.14892e-14,1.0
1.22885e-11,1.27268e-13,1.0
5.80666e-11,8.71429e-13,1.0
3.06967e-11,6.77991e-13,1.0
1.64336e-10,4.69871e-12,1.0
1.08097e-09,5.06834e-12,1.0
2.14285e-07,2.92542e-10,1.0
0.00010253,5.24803e-08,0.999897
0.0356503,1.29135e-05,0.964337
0.895533,0.000220702,0.104246
0.998891,0.000126215,0.000983044
0.999891,3.82743e-05,7.08277e-05
0.99993,1.25629e-05,5.72119e-05
0.999879,8.08517e-06,0.000112699
0.999734,8.05768e-07,0.000264936
0.999784,4.70568e-06,0.000211459
0.907592,3.09067e-05,0.0923769
2.27702e-07,2.68244e-10,1.0
3.44862e-07,3.65547e-11,1.0
1.6688e-06,2.3381e-10,0.999998
4.76614e-07,1.19846e-11,1.0
5.22508e-06,1.71186e-10,0.999995
4.17159e-06,1.2227e-10,0.999996
2.50419e-06,8.90233e-11,0.999997
2.36929e-08,3.19592e-12,1.0
8.33416e-08,2.75418e-12,1.0
2.71504e-08,9.80607e-13,1.0
4.12402e-08,1.74626e-12,1.0
3.56602e-07,8.52871e-12,1.0
0.00013213,6.90239e-10,0.999868
8.54481e-05,1.38505e-09,0.999915
2.50654e-05,1.36375e-09,0.999975
1.14813e-06,1.15672e-10,0.999999
8.94379e-08,2.13252e-11,1.0
6.71322e-07,3.63901e-11,0.999999
8.63181e-07,2.49337e-11,0.999999
6.14069e-08,1.85358e-12,1.0
7.49955e-07,1.32893e-11,0.999999
1.28907e-06,1.06447e-11,0.999999
1.00507e-05,5.00726e-11,0.99999
6.70182e-06,7.71997e-11,0.999993
0.000198373,3.7595e-09,0.999802
7.61185e-05,1.9434e-09,0.999924
4.25154e-05,7.47527e-10,0.999957
2.14301e-05,8.30169e-10,0.999979
5.48347e-06,3.27551e-10,0.999995
2.25308e-12,1.48686e-13,1.0
8.54339e-13,2.09948e-15,1.0
3.75028e-12,1.94143e-15,1.0
7.92142e-11,1.49869e-13,1.0
4.89133e-09,2.94176e-12,1.0
7.55778e-08,1.4229e-11,1.0
2.00697e-06,2.85276e-10,0.999998
0.000135793,7.00883e-08,0.999864
0.00197212,4.86093e-06,0.998023
0.214394,0.00069961,0.784906
0.979074,0.00182505,0.0191014
0.990428,0.00124064,0.00833103
0.995309,6.28688e-05,0.00462799
0.999032,4.03836e-06,0.000964037
0.998794,9.21537e-06,0.00119675
0.999207,4.46149e-05,0.000748507
0.998632,3.32894e-05,0.00133415
0.99563,8.95567e-05,0.00428
0.535223,0.000150316,0.464627
4.4071e-09,4.23285e-12,1.0
6.70304e-10,5.65441e-13,1.0
1.22597e-08,1.0307e-12,1.0
4.31342e-07,4.30897e-12,1.0
7.11662e-06,4.90488e-11,0.999993
1.24607e-06,2.07758e-11,0.999999
9.65022e-09,2.44932e-13,1.0
2.25925e-08,5.19588e-13,1.0
2.49716e-08,9.14393e-13,1.0
2.22319e-08,3.20224e-13,1.0
2.04164e-07,3.29881e-12,1.0
8.54378e-07,4.14446e-12,0.999999
0.000176788,1.01549e-09,0.999823
7.39972e-05,6.37991e-10,0.999926
2.5404e-05,6.16258e-10,0.999975
0.000506394,1.00889e-08,0.999494
2.49996e-05,1.84927e-09,0.999975
5.56234e-06,8.89206e-10,0.999994
2.11163e-06,5.72188e-11,0.999998
1.93159e-06,7.97364e-11,0.999998
5.7084e-07,1.02929e-11,0.999999
2.74996e-06,8.31091e-12,0.999997
7.46233e-06,4.2907e-11,0.999992
6.19205e-06,1.09439e-11,0.999994
2.0126e-05,1.55252e-10,0.99998
5.53959e-06,4.07012e-11,0.999995
0.000274896,8.85587e-10,0.999725
0.00312467,1.56906e-08,0.996875
0.0299359,1.41842e-07,0.970064
0.896134,2.4151e-05,0.103842
5.84549e-09,6.38306e-11,1.0
7.57541e-13,3.53879e-16,1.0
2.53373e-12,3.02556e-15,1.0
6.1244e-11,1.80145e-13,1.0
1.84007e-10,3.69891e-13,1.0
1.7959e-10,6.77697e-12,1.0
4.92146e-09,2.27331e-11,1.0
4.42543e-08,4.45441e-10,1.0
6.7438e-07,1.59416e-08,0.999999
0.00127753,2.99898e-05,0.998692
0.520517,0.00453794,0.474945
0.995923,0.00353528,0.000542027
0.9997,0.000287295,1.22744e-05
0.999961,3.4295e-05,4.22228e-06
0.999987,8.82436e-06,4.67856e-06
0.999991,1.46822e-06,7.8223e-06
0.999967,3.22581e-06,2.94497e-05
0.999849,7.36702e-06,0.000143443
0.999801,2.67325e-05,0.000172738
1.51169e-07,2.78453e-11,1.0
3.04019e-08,5.6795e-12,1.0
1.44291e-09,9.0694e-13,1.0
5.71864e-09,5.21261e-13,1.0
1.22259e-08,3.28708e-12,1.0
1.28352e-08,7.53092e-13,1.0
1.15782e-07,6.88295e-12,1.0
1.80709e-06,5.14931e-11,0.999998
3.61601e-09,7.46071e-13,1.0
3.81485e-08,1.80659e-11,1.0
1.3968e-06,6.31731e-11,0.999999
0.000430081,1.89794e-08,0.99957
0.473128,3.41798e-06,0.526868
0.965351,5.32782e-06,0.0346435
0.875315,1.27189e-05,0.124673
0.325598,4.12704e-06,0.674398
0.0375321,2.48616e-06,0.962465
0.00106793,6.06121e-08,0.998932
0.000620739,6.20021e-08,0.999379
6.67004e-05,8.1568e-09,0.999933
1.21638e-05,8.16465e-09,0.999988
3.29961e-05,1.0999e-08,0.999967
1.42903e-06,3.50077e-10,0.999999
1.17777e-05,8.60532e-10,0.999988
3.24054e-05,2.43561e-10,0.999968
4.85677e-06,5.40062e-11,0.999995
7.92277e-05,3.49293e-10,0.999921
0.000327109,3.38164e-09,0.999673
0.0055772,3.8869e-07,0.994422
3.67094e-09,1.09936e-11,1.0
5.01706e-13,2.83149e-17,1.0
1.16815e-11,3.10966e-16,1.0
2.72085e-12,7.4013e-16,1.0
7.09047e-11,1.24995e-13,1.0
1.96481e-09,7.21391e-12,1.0
7.26063e-09,6.57915e-11,1.0
1.7677e-08,1.01954e-09,1.0
3.73545e-07,2.90654e-08,1.0
0.000128659,2.14609e-05,0.99985
0.141919,0.0139451,0.844136
0.959337,0.0353765,0.00528615
0.980774,0.0182767,0.000948942
0.995685,0.00335649,0.00095896
0.999355,0.000424681,0.00021992
0.999897,4.77723e-05,5.52414e-05
0.999955,1.48989e-05,3.04535e-05
0.999733,7.25754e-06,0.000259907
0.988233,8.11839e-05,0.0116863
5.06752e-08,9.04642e-12,1.0
1.2225e-08,2.29238e-12,1.0
2.92182e-09,4.98917e-13,1.0
5.7741e-09,6.59399e-13,1.0
3.91712e-08,8.61355e-13,1.0
5.37295e-06,3.2621e-11,0.999995
4.74825e-05,3.018e-10,0.999953
1.84814e-05,1.03833e-10,0.999982
5.87819e-06,1.49351e-10,0.999994
9.45551e-05,1.51398e-09,0.999905
1.11939e-05,2.17085e-09,0.999989
3.86178e-06,3.06767e-10,0.999996
3.88671e-07,1.76524e-10,1.0
1.1278e-08,5.02137e-12,1.0
3.7476e-07,1.31695e-11,1.0
6.28134e-06,2.47671e-10,0.999994
5.9365e-06,7.23578e-11,0.999994
0.000747969,5.12705e-09,0.999252
0.00371774,2.63214e-08,0.996282
0.00278878,2.87812e-08,0.997211
1.17082e-05,3.24137e-10,0.999988
3.82661e-07,1.83752e-11,1.0
8.35541e-07,4.08874e-11,0.999999
3.17147e-06,4.10087e-11,0.999997
1.84776e-06,4.00266e-10,0.999998
1.09552e-05,1.54763e-10,0.999989
1.88571e-05,5.42485e-10,0.999981
6.12584e-05,2.22914e-09,0.999939
0.0144158,1.55787e-06,0.985583
6.12739e-10,7.65509e-12,1.0
1.62241e-11,8.30727e-14,1.0
6.7096e-12,1.15671e-14,1.0
8.95675e-12,2.39326e-14,1.0
2.06568e-11,1.13439e-13,1.0
3.30243e-10,1.0492e-12,1.0
1.47846e-09,5.52298e-12,1.0
1.68234e-08,8.03339e-11,1.0
4.90325e-06,1.9377e-08,0.999995
0.00212545,8.10899e-06,0.997866
0.360294,0.00089646,0.638809
0.996023,0.000327841,0.00364905
0.996949,7.22103e-05,0.00297905
0.998673,5.5709e-06,0.0013218
0.999008,2.63344e-06,0.000989916
0.996555,1.15428e-06,0.00344416
0.991314,1.28407e-05,0.00867308
0.931217,9.34938e-05,0.0686899
2.98072e-07,2.40528e-11,1.0
1.02688e-09,3.36775e-13,1.0
3.18395e-07,8.88955e-12,1.0
5.36223e-06,7.76837e-11,0.999995
2.09867e-06,1.6906e-11,0.999998
3.25144e-05,1.07461e-09,0.999967
2.05362e-05,2.47105e-10,0.999979
3.33533e-05,6.80754e-10,0.999967
5.50157e-06,1.13679e-10,0.999995
3.11428e-06,4.83658e-10,0.999997
1.3354e-08,2.39789e-12,1.0
7.72322e-08,1.37009e-11,1.0
2.5773e-06,2.06222e-10,0.999997
1.02892e-06,2.6483e-11,0.999999
1.01864e-07,1.86009e-11,1.0
4.90114e-07,9.53e-12,1.0
2.91936e-07,4.5107e-12,1.0
6.19305e-06,8.97138e-11,0.999994
0.000106348,3.77283e-10,0.999894
7.9985e-05,3.17966e-10,0.99992
5.20967e-05,2.93406e-10,0.999948
8.06508e-06,1.48632e-10,0.999992
1.18352e-05,1.19821e-10,0.999988
0.00107452,3.8097e-09,0.998926
0.000428916,1.27877e-09,0.999571
0.00138968,1.16721e-08,0.99861
0.000306142,1.82809e-09,0.999694
2.0517e-05,7.52854e-10,0.999979
2.20528e-07,2.57194e-11,1.0
2.55578e-05,1.70465e-08,0.999974
0.00227111,0.000119096,0.99761
8.14161e-07,1.12041e-07,0.999999
5.95832e-06,2.04109e-07,0.999994
1.95562e-07,1.31253e-08,1.0
7.60412e-09,2.52991e-09,1.0
2.88664e-08,2.55539e-08,1.0
1.19283e-07,3.87284e-06,0.999996
3.96704e-05,0.0018422,0.998118
0.000144728,0.98331,0.0165456
1.70992e-05,0.987858,0.0121248
1.23817e-06,0.99809,0.00190915
1.05144e-06,0.990353,0.00964584
9.66666e-07,0.99439,0.00560886
1.58138e-06,0.996174,0.0038242
1.75839e-06,0.997567,0.00243152
1.95443e-06,0.989927,0.0100708
2.43729e-06,0.969766,0.0302315
9.01384e-06,0.830617,0.169374
5.94312e-06,0.00174725,0.998247
8.34617e-05,6.10927e-05,0.999855
0.700478,0.00141244,0.29811
0.563958,0.0126546,0.423388
0.697534,0.000535958,0.30193
5.14605e-07,1.96244e-11,1.0
7.54645e-07,2.79031e-11,0.999999
5.43252e-07,6.48792e-12,0.999999
6.40075e-06,7.95647e-11,0.999994
5.08845e-05,4.53916e-10,0.999949
6.49796e-06,4.54808e-10,0.999993
3.30849e-05,6.32836e-10,0.999967
1.4597e-06,1.73485e-10,0.999999
7.84613e-07,2.40762e-10,0.999999
3.10088e-08,1.87538e-11,1.0
5.08624e-08,5.50124e-12,1.0
1.89836e-07,1.36525e-11,1.0
5.97727e-07,1.33076e-11,0.999999
1.65261e-05,3.85658e-10,0.999983
3.19789e-05,1.86211e-10,0.999968
2.86299e-05,3.75048e-10,0.999971
1.76095e-06,7.83169e-11,0.999998
3.39332e-07,4.82981e-11,1.0
3.94536e-08,6.90621e-12,1.0
1.23347e-07,9.14236e-12,1.0
4.26906e-07,1.75828e-11,1.0
2.28211e-06,4.5201e-11,0.999998
6.67027e-07,6.01526e-12,0.999999
4.36353e-06,5.92118e-11,0.999996
0.00237667,9.34596e-08,0.997623
0.000181091,1.97662e-06,0.999817
0.000713802,2.54639e-05,0.999261
6.50658e-07,4.21628e-08,0.999999
7.07202e-07,1.25257e-08,0.999999
4.59642e-07,1.23792e-07,0.999999
6.89589e-06,1.64242e-07,0.999993
9.39123e-06,5.22409e-07,0.99999
4.70939e-05,4.69901e-06,0.999948
0.051319,0.020491,0.92819
0.0639316,0.696971,0.239097
0.0215339,0.864777,0.113689
0.00427577,0.92944,0.0662838
0.0053065,0.784181,0.210512
0.00176426,0.885899,0.112336
2.61218e-05,0.984192,0.0157817
2.22857e-05,0.762845,0.237133
6.51485e-05,0.211395,0.78854
5.19733e-06,0.00795608,0.992039
1.06793e-06,0.00157438,0.998425
0.201141,0.00047286,0.798386
0.169095,0.00101724,0.829888
0.00382091,4.35386e-06,0.996175
0.000287457,1.83746e-07,0.999712
9.62755e-08,8.25184e-13,1.0
2.82756e-06,1.61294e-11,0.999997
6.38917e-06,1.94716e-11,0.999994
8.4126e-06,1.21933e-10,0.999992
9.24923e-07,3.44061e-11,0.999999
4.38456e-06,1.60129e-10,0.999996
1.43214e-06,7.26301e-11,0.999999
5.14702e-05,8.96173e-10,0.999949
3.69852e-05,1.42715e-09,0.999963
1.61571e-06,4.01842e-11,0.999998
1.87542e-05,1.02166e-09,0.999981
1.2623e-06,9.16275e-11,0.999999
3.94177e-07,5.35154e-11,1.0
7.26106e-09,1.65077e-12,1.0
2.68754e-10,8.64691e-14,1.0
1.35777e-09,5.59915e-14,1.0
1.28481e-07,2.65778e-12,1.0
6.47664e-07,4.80616e-12,0.999999
9.34534e-06,1.35527e-10,0.999991
0.000109347,4.11223e-10,0.999891
0.000634749,3.96362e-09,0.999365
0.001298,2.45303e-09,0.998702
7.61552e-06,1.32376e-10,0.999992
2.72771e-07,1.023e-11,1.0
0.000452801,2.40381e-08,0.999547
2.41084e-08,5.99636e-11,1.0
1.22949e-09,1.53485e-10,1.0
4.90874e-13,1.22655e-13,1.0
9.1108e-13,4.61629e-14,1.0
3.23465e-12,8.11735e-14,1.0
4.13779e-12,1.28577e-13,1.0
1.36681e-11,1.87279e-13,1.0
2.72795e-09,9.36674e-12,1.0
6.80657e-08,2.17299e-10,1.0
0.0049376,7.98846e-08,0.995062
0.191028,0.000107054,0.808865
0.997431,3.53222e-05,0.00253373
0.998817,0.00077133,0.000411279
0.992815,0.00167839,0.00550633
0.999503,0.00018349,0.000313123
0.887414,2.0779e-06,0.112584
0.839065,5.60401e-06,0.160929
0.954365,4.67784e-06,0.0456306
0.556914,3.19751e-05,0.443054
0.183765,3.21797e-05,0.816203
0.000689612,1.57183e-06,0.999309
5.58265e-05,4.40884e-08,0.999944
0.00845835,1.95301e-06,0.99154
0.0354177,5.02603e-06,0.964577
0.346367,2.37143e-05,0.653609
1.17407e-05,1.52956e-10,0.999988
7.22363e-05,8.91568e-10,0.999928
6.95637e-05,1.61523e-09,0.99993
0.000600078,3.79378e-09,0.9994
5.46154e-06,5.02105e-10,0.999995
4.09123e-06,4.59549e-10,0.999996
4.11631e-07,4.62087e-11,1.0
1.57645e-07,4.42048e-11,1.0
9.63784e-07,7.099e-11,0.999999
9.84096e-07,6.89233e-11,0.999999
5.61685e-07,2.46181e-11,0.999999
5.0933e-07,1.44397e-11,1.0
4.83413e-07,1.68726e-11,1.0
1.05884e-05,1.39331e-10,0.999989
9.11817e-06,1.16938e-10,0.999991
3.6198e-05,3.39122e-10,0.999964
1.81815e-05,1.01296e-10,0.999982
2.60383e-06,4.47185e-11,0.999997
3.55613e-07,3.83047e-12,1.0
1.11406e-06,1.51776e-11,0.999999
3.25562e-07,2.87163e-12,1.0
1.90707e-06,1.70148e-11,0.999998
3.41089e-05,2.23968e-10,0.999966
5.41011e-11,7.01378e-14,1.0
2.34492e-12,9.79455e-14,1.0
3.85571e-11,2.85149e-13,1.0
2.44448e-11,3.70867e-13,1.0
6.99918e-09,1.91094e-09,1.0
1.10806e-08,1.87234e-09,1.0
1.20408e-05,1.59682e-07,0.999988
0.00591129,6.41573e-06,0.994082
0.845613,9.86262e-06,0.154377
0.994626,1.75596e-06,0.00537239
0.999494,2.12237e-06,0.000503786
0.999949,1.44602e-06,4.9858e-05
0.999947,1.05929e-05,4.2343e-05
0.999699,2.13157e-05,0.0002796
0.990589,0.00010556,0.00930593
1.91391e-05,1.20596e-10,0.999981
8.54704e-09,4.61005e-12,1.0
6.30278e-10,4.07012e-13,1.0
5.66804e-09,9.54536e-13,1.0
4.70887e-10,2.55595e-14,1.0
2.30684e-08,3.53181e-13,1.0
2.89112e-09,4.30585e-14,1.0
1.51795e-08,3.74502e-13,1.0
2.97962e-07,7.5076e-12,1.0
2.13209e-07,2.05299e-12,1.0
2.69443e-07,5.37991e-12,1.0
1.37581e-07,4.36582e-12,1.0
4.61132e-08,1.02168e-12,1.0
1.1332e-07,1.46111e-12,1.0
9.07622e-08,6.76315e-13,1.0
2.70284e-06,6.77177e-12,0.999997
0.000403577,8.31755e-10,0.999596
0.000608908,3.11908e-09,0.999391
0.000352893,2.2352e-09,0.999647
1.04866e-06,3.18796e-11,0.999999
2.01685e-07,1.18479e-11,1.0
2.56845e-08,1.41408e-12,1.0
1.03335e-07,9.17212e-12,1.0
4.19333e-07,2.39713e-11,1.0
3.65055e-07,2.33527e-11,1.0
5.94799e-09,1.60659e-13,1.0
1.03593e-09,4.00234e-14,1.0
2.76243e-08,9.38619e-13,1.0
3.04952e-09,1.62997e-14,1.0
1.95395e-06,8.86864e-12,0.999998
1.68255e-06,1.14412e-11,0.999998
9.19854e-06,4.05503e-11,0.999991
0.00226357,1.77327e-07,0.997736
4.98486e-06,4.1002e-09,0.999995
1.4412e-05,8.03284e-08,0.999985
1.32579e-06,1.20335e-08,0.999999
7.22744e-07,1.52505e-08,0.999999
1.73148e-08,1.70764e-09,1.0
1.92473e-07,1.8925e-08,1.0
5.25128e-05,1.00844e-05,0.999937
0.180436,0.0118804,0.807684
0.518209,0.457808,0.0239834
0.224958,0.770861,0.00418099
0.014765,0.976261,0.00897412
0.00122522,0.981785,0.0169895
0.0002599,0.936768,0.0629724
2.87675e-05,0.988872,0.0110989
3.7404e-06,0.997692,0.0023039
6.26043e-06,0.989083,0.0109112
3.86359e-06,0.981296,0.0187005
6.3824e-06,0.894899,0.105094
4.50831e-06,0.0210158,0.97898
0.0414223,0.00185153,0.956726
0.0152283,0.000310241,0.984461
0.00726456,0.00015517,0.99258
1.20357e-06,5.13376e-11,0.999999
2.28085e-06,2.19557e-10,0.999998
7.06026e-09,8.35947e-13,1.0
1.19268e-07,1.2191e-11,1.0
5.24463e-09,5.88792e-13,1.0
8.62634e-09,4.11844e-13,1.0
3.6354e-08,1.23976e-12,1.0
5.57509e-07,1.40631e-11,0.999999
0.000122732,1.81778e-09,0.999877
2.44921e-05,1.77229e-10,0.999976
0.00142889,7.79342e-09,0.998571
0.000139892,3.55724e-09,0.99986
0.000878989,3.90697e-08,0.999121
9.81601e-06,8.74128e-10,0.99999
1.72351e-05,3.8138e-10,0.999983
2.15172e-07,1.4077e-11,1.0
8.76614e-07,5.42709e-11,0.999999
2.70044e-07,2.12405e-11,1.0
6.77662e-08,5.51273e-12,1.0
1.39849e-07,2.47347e-11,1.0
5.01225e-08,4.36128e-12,1.0
8.39326e-06,3.67391e-10,0.999992
7.13513e-07,2.13052e-11,0.999999
2.57642e-05,2.49765e-10,0.999974
9.68955e-06,1.46052e-10,0.99999
0.0229174,2.29361e-07,0.977082
0.874096,1.59703e-05,0.125888
0.0377196,1.37658e-06,0.962279
4.5917e-05,2.66113e-08,0.999954
6.48525e-06,3.75929e-08,0.999993
3.10063e-05,3.90768e-08,0.999969
0.000609335,2.63508e-06,0.999388
0.000323046,5.05658e-06,0.999672
0.000397851,0.000378712,0.999223
0.0212359,0.296758,0.682006
0.000565701,0.887084,0.11235
2.75107e-05,0.956317,0.0436555
4.2227e-06,0.989431,0.0105646
2.22702e-06,0.994264,0.00573339
1.19756e-06,0.997811,0.00218782
1.04207e-06,0.998373,0.00162614
1.47237e-06,0.9952,0.00479902
1.86991e-06,0.985421,0.0145767
1.11586e-05,0.746798,0.25319
4.66087e-06,0.00703749,0.992958
6.92226e-07,0.000831076,0.999168
2.76971e-07,0.000199647,0.9998
1.97929e-07,1.61161e-06,0.999998
0.02466,2.21518e-05,0.975318
0.117049,2.49729e-05,0.882926
1.90695e-07,6.52281e-12,1.0
8.79402e-08,5.66328e-12,1.0
1.01066e-08,6.36661e-13,1.0
2.91063e-08,2.47057e-12,1.0
1.00005e-07,2.3826e-12,1.0
9.16099e-05,1.75673e-09,0.999908
0.000102777,1.68025e-09,0.999897
2.28925e-05,4.39787e-10,0.999977
8.70249e-06,3.71013e-10,0.999991
3.94796e-05,8.13383e-10,0.999961
0.000152817,2.3968e-09,0.999847
0.0570446,2.59912e-07,0.942955
0.0515589,1.40932e-06,0.94844
0.00147033,7.55541e-08,0.99853
7.96967e-05,5.32642e-09,0.99992
8.34948e-07,3.29309e-11,0.999999
9.57525e-06,1.77359e-09,0.99999
1.34538e-05,3.36157e-10,0.999987
2.28882e-07,4.29504e-11,1.0
2.22934e-08,4.58735e-12,1.0
1.55588e-08,2.19778e-12,1.0
1.49908e-08,1.63739e-12,1.0
5.58859e-08,1.06866e-11,1.0
0.000271225,2.9374e-08,0.999729
0.00133463,6.82015e-08,0.998665
3.36458e-09,4.04361e-11,1.0
2.94975e-11,1.54142e-13,1.0
1.04469e-11,3.69901e-14,1.0
1.45939e-10,1.31402e-12,1.0
2.4728e-09,1.448e-11,1.0
3.41053e-09,3.23894e-11,1.0
7.6775e-08,6.09183e-10,1.0
2.67695e-07,2.19764e-10,1.0
1.99842e-05,4.81945e-09,0.99998
0.104429,6.55842e-07,0.89557
0.924248,2.98018e-06,0.0757486
0.999538,1.36778e-06,0.000460322
0.993441,0.000206903,0.00635232
0.935123,0.00100986,0.0638674
0.041343,3.69724e-06,0.958653
0.00287742,4.87993e-07,0.997122
0.000122391,1.28087e-08,0.999878
0.000391408,4.25916e-07,0.999608
0.000588663,1.56062e-06,0.99941
0.00085348,3.09478e-06,0.999143
9.76019e-05,1.92801e-07,0.999902
0.000181355,1.47723e-08,0.999819
0.00434936,2.62822e-07,0.99565
0.143432,5.35806e-06,0.856563
0.212152,3.00745e-05,0.787817
0.489719,3.18613e-05,0.510249
0.0536231,2.00822e-05,0.946357
1.31317e-08,7.58903e-13,1.0
2.54734e-08,3.62614e-12,1.0
6.9987e-07,1.31733e-11,0.999999
4.37599e-06,2.42566e-10,0.999996
3.61064e-06,8.12316e-11,0.999996
6.22867e-07,6.34891e-11,0.999999
8.79818e-07,3.7903e-11,0.999999
2.86899e-07,4.67119e-12,1.0
3.9065e-07,1.30568e-11,1.0
1.06301e-08,3.20558e-13,1.0
1.02775e-07,3.90701e-12,1.0
1.05712e-07,3.85169e-12,1.0
5.41181e-05,3.58732e-10,0.999946
0.000159809,7.59537e-10,0.99984
5.24182e-05,1.21658e-09,0.999948
1.51179e-05,8.95626e-10,0.999985
6.59258e-06,2.83578e-09,0.999993
1.22113e-07,5.3642e-11,1.0
2.03719e-07,8.49462e-11,1.0
5.00308e-08,2.08549e-09,1.0
1.73316e-12,8.61897e-15,1.0
2.10635e-12,4.49239e-15,1.0
1.11423e-12,1.42245e-15,1.0
2.44549e-12,1.91883e-16,1.0
7.431e-13,3.1419e-16,1.0
5.89985e-11,4.47996e-15,1.0
1.59188e-09,1.91075e-13,1.0
4.01395e-08,1.3849e-11,1.0
4.23034e-08,2.27475e-10,1.0
5.95304e-08,1.56952e-09,1.0
1.59029e-05,2.46514e-07,0.999984
0.00245934,7.73404e-05,0.997463
0.76944,0.0034605,0.227099
0.997752,0.000884204,0.00136388
0.999797,0.000101136,0.00010138
0.999543,1.60434e-05,0.000440665
0.998918,3.69531e-06,0.00107811
0.99741,1.30622e-05,0.00257705
0.977278,5.12257e-05,0.0226712
0.46094,0.000208179,0.538852
0.000266305,1.81235e-07,0.999734
7.17593e-09,2.48536e-12,1.0
4.27423e-08,3.74393e-12,1.0
1.93205e-06,7.78589e-11,0.999998
4.68864e-05,3.65561e-10,0.999953
0.000125782,3.62869e-09,0.999874
6.41305e-06,7.65651e-11,0.999994
6.38202e-07,6.50508e-11,0.999999
3.43748e-08,2.61114e-12,1.0
5.37948e-09,1.08891e-12,1.0
1.14486e-06,4.95807e-11,0.999999
1.14756e-05,5.21708e-11,0.999989
1.93934e-06,8.0246e-12,0.999998
0.00172878,2.20488e-09,0.998271
0.000396804,1.09087e-09,0.999603
0.00100112,8.71234e-09,0.998999
1.04838e-06,1.38128e-10,0.999999
3.24879e-06,2.74343e-10,0.999997
1.5735e-07,1.88653e-11,1.0
3.73974e-07,2.51663e-11,1.0
2.12178e-06,5.00029e-11,0.999998
1.90975e-06,1.77004e-11,0.999998
1.76517e-07,1.43025e-11,1.0
3.12507e-07,1.20878e-11,1.0
1.04221e-06,2.8034e-11,0.999999
1.10267e-05,1.375e-10,0.999989
5.92621e-07,1.33634e-11,0.999999
0.00450405,8.28573e-08,0.995496
0.00722486,2.76627e-05,0.992747
0.00108947,3.02666e-08,0.998911
0.034969,4.54526e-06,0.965026
0.0194643,1.26244e-06,0.980534
0.154792,5.25144e-05,0.845156
0.0034279,0.000472526,0.9961
0.00714776,0.0599916,0.932861
0.000217075,0.994946,0.00483741
3.78055e-06,0.998818,0.00117848
1.27451e-06,0.998318,0.00168031
8.87559e-07,0.997557,0.00244251
8.83428e-07,0.997536,0.00246328
5.93594e-07,0.998405,0.00159427
5.40767e-07,0.998075,0.00192393
4.15816e-07,0.999017,0.000982476
7.33642e-07,0.996452,0.00354756
5.18021e-07,0.998192,0.00180768
8.32545e-07,0.994484,0.00551494
6.5932e-07,0.996986,0.0030128
8.03872e-07,0.995534,0.0044653
7.00795e-09,7.73681e-08,1.0
0.000583026,2.09386e-06,0.999415
0.737615,2.85646e-05,0.262356
0.729162,1.90785e-05,0.270819
2.10604e-05,4.59589e-10,0.999979
3.41621e-08,1.9845e-12,1.0
1.69507e-07,3.00624e-12,1.0
4.11357e-07,6.97243e-12,1.0
5.17676e-08,1.77948e-12,1.0
2.64946e-08,1.53228e-12,1.0
1.73893e-07,2.20439e-12,1.0
2.13383e-06,3.57225e-11,0.999998
1.83144e-07,4.67331e-12,1.0
4.19639e-06,1.02784e-10,0.999996
2.5445e-06,5.46192e-11,0.999997
3.49214e-06,1.67519e-10,0.999997
4.85967e-06,2.97801e-10,0.999995
7.35292e-06,3.63954e-10,0.999993
1.00648e-07,2.22495e-11,1.0
1.52768e-06,2.83825e-11,0.999998
1.66729e-06,4.4182e-11,0.999998
4.24619e-06,6.26252e-11,0.999996
4.19276e-06,1.04569e-10,0.999996
1.18975e-06,2.11766e-11,0.999999
5.10021e-07,6.94749e-12,1.0
1.41368e-05,1.67547e-10,0.999986
7.85452e-07,1.48708e-11,0.999999
1.7243e-05,1.15971e-08,0.999983
1.35778e-11,1.02105e-12,1.0
6.0508e-13,7.60551e-15,1.0
1.47168e-11,2.79839e-14,1.0
3.584e-10,2.56551e-13,1.0
5.62785e-11,9.80619e-13,1.0
2.76922e-09,1.82636e-11,1.0
2.02969e-08,1.59418e-10,1.0
9.79589e-08,5.32225e-09,1.0
1.50691e-05,8.32526e-07,0.999984
0.013895,0.000160172,0.985945
0.947658,0.00037191,0.0519697
0.999901,4.04998e-05,5.82412e-05
0.999995,3.61729e-06,9.72803e-07
0.999998,1.73578e-06,4.3976e-07
0.999996,2.84991e-06,1.13262e-06
0.999976,5.03665e-07,2.37242e-05
0.998842,3.2148e-06,0.00115478
0.0676305,6.32568e-07,0.932369
7.90118e-07,1.67985e-10,0.999999
9.658e-10,5.0138e-13,1.0
2.97146e-10,1.00356e-13,1.0
1.22568e-09,1.07813e-13,1.0
3.73151e-08,1.34616e-12,1.0
7.47872e-08,3.97947e-12,1.0
1.69156e-07,8.16296e-12,1.0
9.27865e-11,3.19885e-14,1.0
4.31802e-10,8.12152e-14,1.0
3.67664e-10,4.9039e-14,1.0
5.41186e-10,5.48677e-14,1.0
2.04829e-09,1.4345e-13,1.0
2.17596e-07,5.11915e-12,1.0
2.78125e-06,2.60675e-11,0.999997
2.11309e-05,1.59265e-10,0.999979
5.77348e-05,1.2199e-10,0.999942
0.265791,1.27423e-06,0.734208
0.00314829,2.42197e-07,0.996852
0.00190777,1.52833e-07,0.998092
6.68908e-06,2.0539e-09,0.999993
2.1751e-06,2.82264e-10,0.999998
8.31517e-06,3.29782e-10,0.999992
1.17011e-07,3.68515e-12,1.0
3.59864e-06,4.12736e-11,0.999996
1.30986e-05,1.97211e-10,0.999987
6.04693e-05,6.81634e-10,0.99994
0.000213711,9.83919e-10,0.999786
0.000178071,5.98862e-09,0.999822
9.20439e-05,1.67755e-09,0.999908
0.0254033,1.26209e-06,0.974595
0.000261134,7.30613e-08,0.999739
0.00200919,2.65398e-06,0.997988
3.11194e-05,2.33187e-07,0.999969
2.27279e-06,2.71285e-07,0.999997
2.47e-05,2.40087e-07,0.999975
7.26299e-05,5.5885e-06,0.999922
0.000163865,8.3531e-06,0.999828
0.00536343,0.000766835,0.99387
0.187304,0.534379,0.278317
0.0452413,0.910093,0.0446655
0.00192214,0.861943,0.136135
0.000474446,0.694111,0.305415
9.72824e-05,0.534241,0.465662
2.40889e-05,0.791853,0.208123
4.6157e-06,0.951354,0.048641
2.30446e-06,0.961554,0.0384441
5.02058e-06,0.743487,0.256508
4.52226e-06,0.29514,0.704856
2.03327e-06,0.0200059,0.979992
4.22589e-07,0.000696873,0.999303
2.19776e-05,7.64468e-06,0.99997
0.0618658,0.000102508,0.938032
0.0062038,2.42401e-05,0.993772
8.10624e-06,1.37457e-10,0.999992
0.000198186,6.19904e-09,0.999802
4.58242e-05,2.01767e-09,0.999954
0.000573032,6.85605e-08,0.999427
5.60913e-07,5.26255e-11,0.999999
1.61267e-07,4.09075e-11,1.0
1.058e-08,2.25229e-12,1.0
1.59946e-07,3.25428e-11,1.0
1.65896e-06,3.6616e-11,0.999998
1.331e-06,4.42353e-11,0.999999
7.07407e-08,1.03783e-12,1.0
3.06503e-07,4.80817e-12,1.0
3.80575e-06,1.38553e-11,0.999996
0.000123775,1.48877e-10,0.999876
0.00949164,1.56234e-08,0.990508
0.000444159,2.70706e-09,0.999556
0.000298334,3.32392e-09,0.999702
1.33654e-06,2.57819e-11,0.999999
4.85799e-08,1.17775e-12,1.0
4.90536e-07,1.47467e-11,1.0
2.007e-07,1.63342e-12,1.0
2.35024e-07,2.48753e-12,1.0
3.26944e-06,2.63147e-11,0.999997
0.000180157,2.45222e-10,0.99982
0.00484102,9.31148e-08,0.995159
0.000168756,3.54402e-08,0.999831
0.000633213,4.9512e-08,0.999367
0.81894,2.29292e-05,0.181037
0.101191,2.02925e-05,0.898789
0.0838246,6.75496e-05,0.916108
0.0317136,0.000222288,0.968064
0.21635,0.00260534,0.781045
0.0307175,0.0268158,0.942467
0.00819496,0.357494,0.634311
8.17061e-05,0.983277,0.016641
2.1968e-06,0.995918,0.00407972
9.86584e-07,0.997595,0.00240401
1.22989e-06,0.997094,0.00290474
7.58926e-07,0.998672,0.00132683
5.42342e-07,0.998747,0.00125265
7.76934e-07,0.997504,0.00249561
9.38319e-07,0.997004,0.00299505
1.12917e-06,0.990017,0.00998195
3.08078e-06,0.725251,0.274746
2.27494e-06,0.256505,0.743493
4.11834e-09,8.29075e-08,1.0
3.90741e-08,7.70155e-07,0.999999
0.105033,4.63053e-06,0.894962
2.73377e-06,1.05812e-10,0.999997
5.43072e-06,4.15345e-11,0.999995
9.34134e-05,1.17072e-09,0.999907
4.44745e-06,5.33043e-11,0.999996
9.01318e-07,1.60074e-11,0.999999
2.36828e-08,5.23706e-13,1.0
9.57749e-09,1.17993e-12,1.0
7.84545e-08,1.35698e-12,1.0
6.46967e-06,5.06422e-11,0.999994
1.80411e-05,6.25319e-11,0.999982
5.48107e-06,1.13864e-10,0.999995
3.82328e-07,3.77342e-12,1.0
3.34322e-06,6.57168e-11,0.999997
2.37248e-06,2.79211e-11,0.999998
1.91678e-06,1.59497e-11,0.999998
7.44167e-07,6.06735e-12,0.999999
4.73548e-09,2.50898e-13,1.0
2.69812e-09,7.09066e-14,1.0
3.04789e-08,2.84578e-13,1.0
1.27608e-06,1.52063e-11,0.999999
6.92834e-08,2.05221e-12,1.0
2.70155e-08,3.96228e-13,1.0
1.28636e-08,1.01324e-12,1.0
1.20887e-05,4.57927e-11,0.999988
1.27849e-05,3.61458e-08,0.999987
1.30734e-10,1.10679e-12,1.0
1.44724e-12,9.22267e-15,1.0
2.3962e-13,1.60273e-16,1.0
2.16818e-12,4.21358e-15,1.0
1.00222e-11,1.46539e-14,1.0
2.15333e-09,1.84425e-12,1.0
7.61373e-08,2.32346e-11,1.0
5.33687e-06,8.09671e-10,0.999995
0.00156329,5.5705e-08,0.998437
0.713388,2.49576e-06,0.286609
0.999636,1.40234e-06,0.000362875
0.999873,7.63063e-06,0.000119476
0.999555,5.48469e-05,0.00039049
0.997107,6.68067e-06,0.00288621
0.986436,2.63131e-05,0.0135374
0.00391915,9.8227e-09,0.996081
0.00112996,1.10809e-07,0.99887
4.13692e-08,6.20924e-12,1.0
5.78016e-09,3.93993e-12,1.0
3.98243e-08,1.14773e-11,1.0
1.85455e-07,5.62742e-11,1.0
1.76295e-08,1.33954e-12,1.0
5.02893e-07,1.18434e-11,1.0
5.79357e-06,5.68754e-11,0.999994
2.28956e-06,5.1124e-11,0.999998
7.54903e-06,9.20775e-11,0.999992
1.15279e-07,7.50262e-12,1.0
3.87031e-06,2.13281e-10,0.999996
1.14272e-06,1.78186e-11,0.999999
1.37633e-06,1.3515e-11,0.999999
8.85144e-06,6.96547e-10,0.999991
1.03042e-06,3.00776e-11,0.999999
6.05282e-07,1.03601e-10,0.999999
5.68238e-06,2.44417e-10,0.999994
5.83176e-07,5.29402e-11,0.999999
8.1621e-09,2.70627e-12,1.0
8.93876e-09,4.34465e-12,1.0
2.11639e-08,1.23243e-12,1.0
3.64658e-08,1.60914e-12,1.0
3.54817e-08,8.82505e-13,1.0
2.10716e-07,2.21368e-12,1.0
5.2021e-08,3.62468e-12,1.0
2.48259e-06,4.5822e-11,0.999997
1.5737e-06,2.05514e-11,0.999998
7.76633e-07,1.23465e-11,0.999999
3.44303e-06,1.3736e-11,0.999997
0.000204185,1.79429e-10,0.999796
0.000644081,1.08328e-07,0.999356
0.211538,7.19797e-06,0.788455
0.000335818,4.6229e-07,0.999664
0.396636,2.90517e-05,0.603335
0.00261819,3.08914e-05,0.997351
0.0276718,0.000249555,0.972079
0.00612488,0.149464,0.844411
5.93593e-05,0.941683,0.0582574
5.17392e-06,0.972662,0.0273325
5.89159e-06,0.956899,0.0430953
5.65307e-06,0.97996,0.0200348
4.31844e-06,0.982652,0.0173438
3.2316e-06,0.983843,0.0161537
1.61043e-06,0.993769,0.0062289
1.10825e-06,0.996521,0.00347841
1.28766e-06,0.995613,0.00438526
1.38088e-06,0.995043,0.00495601
1.47026e-06,0.993708,0.00629059
1.67096e-06,0.992207,0.00779134
2.95254e-06,0.00177301,0.998224
3.27302e-07,5.54904e-05,0.999944
2.76095e-08,1.7175e-09,1.0
2.47854e-08,4.05821e-13,1.0
0.00013693,4.48968e-10,0.999863
0.0315923,8.53005e-08,0.968408
0.528493,6.96821e-06,0.471501
0.368704,6.21498e-06,0.631289
0.159068,3.68386e-06,0.840928
0.00263846,6.92866e-06,0.997355
0.014287,3.35337e-06,0.98571
0.00257079,2.56098e-06,0.997427
0.00128678,2.12542e-08,0.998713
0.000117195,3.12217e-07,0.999882
0.000632141,6.34752e-07,0.999367
0.00269919,5.45438e-06,0.997295
0.00317631,4.6965e-07,0.996823
2.92908e-05,1.4349e-06,0.999969
4.07689e-06,4.61919e-08,0.999996
0.000141661,2.9161e-07,0.999858
2.12118e-05,1.52713e-08,0.999979
2.41402e-06,5.27071e-08,0.999997
3.58692e-05,4.23108e-08,0.999964
0.00256411,3.83861e-07,0.997436
0.00153318,8.70192e-07,0.998466
0.217076,0.000106828,0.782818
0.286249,0.000315657,0.713435
0.575237,0.00180298,0.42296
0.0277649,5.50571e-06,0.97223
0.193243,0.000369411,0.806387
3.5281e-06,3.43918e-06,0.999993
1.49384e-06,1.29248e-08,0.999998
0.000386578,9.37974e-08,0.999613
0.00138856,6.2155e-06,0.998605
0.0320057,0.000123613,0.967871
0.0224707,0.0659684,0.911561
0.00323373,0.0237044,0.973062
0.00103241,0.163608,0.83536
0.000262069,0.325044,0.674694
2.55083e-05,0.935336,0.0646385
1.91531e-06,0.990634,0.0093642
6.22274e-07,0.996542,0.00345734
5.71866e-07,0.997875,0.00212439
5.91197e-07,0.998635,0.0013649
6.48601e-07,0.998767,0.00123226
1.05046e-06,0.995584,0.00441519
1.84186e-06,0.983916,0.0160818
1.17599e-05,0.529365,0.470623
1.9456e-07,7.84415e-09,1.0
5.10595e-07,8.2397e-08,0.999999
1.87928e-05,2.60478e-07,0.999981
0.000324763,1.38208e-05,0.999661
0.00100696,2.28092e-06,0.998991
0.0502268,3.23433e-06,0.94977
0.0439249,2.22839e-06,0.956073
0.121256,9.88781e-06,0.878734
0.479745,7.94617e-06,0.520247
0.880354,0.000113162,0.119533
0.0510522,0.000765908,0.948182
0.0463403,0.000910363,0.952749
0.0542722,0.0018731,0.943855
0.04126,0.000118671,0.958621
0.00536202,0.000653432,0.993985
0.0373083,0.00224247,0.960449
0.00078628,3.05892e-05,0.999183
1.04984e-08,1.33246e-11,1.0
4.87771e-09,1.3194e-12,1.0
3.1827e-05,6.87448e-09,0.999968
0.000163453,4.5912e-08,0.999836
0.0118197,4.1043e-08,0.98818
2.2683e-05,5.17352e-11,0.999977
0.00040566,1.50802e-08,0.999594
1.03947e-08,3.47194e-14,1.0
0.000119254,7.95656e-10,0.999881
0.00338471,6.65276e-08,0.996615
0.0162633,1.61806e-06,0.983735
0.00930978,2.44442e-05,0.990666
0.00144187,0.000697977,0.99786
2.75583e-10,5.10681e-10,1.0
2.45311e-12,1.0875e-12,1.0
7.37358e-11,1.2407e-12,1.0
1.9736e-09,9.50391e-11,1.0
7.5201e-09,7.74052e-10,1.0
3.0271e-07,9.70054e-08,1.0
4.63959e-06,1.92689e-05,0.999976
0.000987469,0.00928914,0.989723
0.0158392,0.0411763,0.942984
0.802771,0.0933949,0.103834
0.990511,0.00695202,0.00253742
0.998837,0.00112347,3.9462e-05
0.999657,0.000338867,4.19574e-06
0.999894,0.000104418,1.89213e-06
0.999882,0.000115755,1.89989e-06
0.999392,2.64121e-06,0.000605614
0.996824,6.00769e-06,0.00316955
1.13331e-05,3.74763e-10,0.999989
1.24728e-10,1.62565e-13,1.0
3.63399e-09,7.11112e-13,1.0
1.44109e-08,5.06867e-12,1.0
2.33932e-08,7.91918e-13,1.0
1.28274e-07,2.80592e-12,1.0
5.85022e-08,1.70971e-13,1.0
5.11386e-06,6.07995e-11,0.999995
0.000677579,5.77371e-10,0.999322
1.06993e-07,1.71787e-10,1.0
1.60372e-09,6.2265e-12,1.0
3.26628e-11,3.12895e-13,1.0
9.22998e-10,1.66389e-12,1.0
3.10264e-09,2.16531e-12,1.0
5.0185e-10,4.58307e-14,1.0
2.33605e-11,8.43506e-15,1.0
5.38187e-11,2.84611e-14,1.0
7.8715e-09,9.30416e-13,1.0
5.82486e-07,4.11748e-12,0.999999
7.36445e-05,2.65362e-10,0.999926
0.000173785,6.23818e-10,0.999826
0.00562833,2.52414e-08,0.994372
0.0172696,1.11428e-07,0.98273
0.0550379,6.44726e-07,0.944961
0.00125525,2.37206e-07,0.998744
7.48799e-06,2.42497e-10,0.999992
6.84465e-06,4.27065e-10,0.999993
3.23036e-05,6.00674e-10,0.999968
6.40932e-06,8.71531e-10,0.999994
7.55602e-06,3.5274e-10,0.999992
0.00118767,2.49784e-07,0.998812
0.0166846,1.77967e-06,0.983314
0.0010647,1.47446e-07,0.998935
1.60536e-05,9.03091e-07,0.999983
1.95727e-06,4.51123e-08,0.999998
2.73286e-06,4.93613e-07,0.999997
4.97695e-06,1.21628e-05,0.999983
6.091e-05,0.0057632,0.994176
0.00332389,0.489668,0.507008
0.00152252,0.204153,0.794325
0.00255978,0.105458,0.891983
0.00557827,0.309348,0.685074
0.00507154,0.429572,0.565357
0.000554953,0.716013,0.283432
6.94129e-05,0.901034,0.0988969
1.29012e-05,0.962182,0.0378047
4.90119e-05,0.653008,0.346943
1.57695e-05,0.860057,0.139927
7.63186e-06,0.0637176,0.936275
3.59505e-07,7.77625e-05,0.999922
1.72626e-07,2.0416e-08,1.0
3.69212e-05,2.5954e-08,0.999963
8.83372e-09,1.74205e-12,1.0
1.70843e-07,5.78479e-12,1.0
3.82889e-08,1.42658e-12,1.0
1.06951e-06,1.01964e-11,0.999999
3.00345e-07,1.72265e-12,1.0
4.3631e-06,2.65969e-11,0.999996
1.81052e-05,5.57257e-11,0.999982
2.88551e-06,3.53875e-10,0.999997
6.78076e-07,4.0121e-11,0.999999
1.78701e-07,2.15352e-11,1.0
4.36232e-08,8.11752e-12,1.0
7.55974e-07,4.81906e-11,0.999999
2.29557e-05,3.3565e-10,0.999977
5.62837e-06,5.57472e-11,0.999994
3.32299e-06,4.18862e-11,0.999997
7.71348e-06,1.39685e-10,0.999992
1.39412e-05,1.25345e-10,0.999986
1.33569e-05,4.24428e-10,0.999987
0.000136859,9.13021e-10,0.999863
1.74081e-05,2.21644e-10,0.999983
9.67047e-07,5.06904e-11,0.999999
4.72225e-06,5.0232e-11,0.999995
2.4564e-07,3.59859e-12,1.0
8.69643e-07,3.00119e-12,0.999999
3.91026e-07,6.31741e-12,1.0
4.64271e-06,3.34454e-11,0.999995
0.00385034,1.78657e-07,0.99615
6.29684e-10,1.01352e-10,1.0
2.88676e-10,3.00662e-10,1.0
5.28809e-11,2.97408e-10,1.0
1.33633e-11,7.6667e-10,1.0
7.13481e-11,1.02212e-09,1.0
1.04404e-09,1.32139e-09,1.0
3.73083e-08,8.24808e-09,1.0
0.000403947,3.75954e-06,0.999592
0.980714,0.000332944,0.0189535
0.999903,8.55828e-05,1.17452e-05
0.999993,7.25123e-06,1.17426e-07
0.999997,3.00285e-06,5.4161e-08
0.999998,1.82521e-06,1.49633e-07
0.999999,1.00878e-06,1.57028e-07
0.999999,3.76278e-07,2.9234e-07
0.999977,1.58451e-07,2.29511e-05
0.99978,7.98111e-07,0.000219609
5.84419e-05,6.47418e-10,0.999942
2.25881e-08,4.53454e-12,1.0
2.19122e-10,5.39222e-14,1.0
3.18126e-09,3.58914e-13,1.0
3.28327e-08,2.39434e-12,1.0
7.57564e-08,1.31834e-12,1.0
5.21136e-07,4.64794e-12,1.0
3.76344e-07,4.18531e-12,1.0
8.09743e-08,7.94059e-13,1.0
1.02482e-07,1.03907e-12,1.0
1.1257e-07,8.12214e-13,1.0
2.83198e-07,1.33595e-12,1.0
1.58116e-07,1.6138e-12,1.0
1.20437e-05,5.42163e-11,0.999988
0.00895999,2.4201e-08,0.99104
0.0535378,3.58179e-05,0.946426
6.44869e-06,1.12781e-07,0.999993
2.96944e-07,6.35655e-09,1.0
4.12451e-08,3.77888e-09,1.0
2.75226e-09,1.1011e-10,1.0
3.35244e-09,9.08537e-10,1.0
1.03335e-09,4.48272e-09,1.0
3.57227e-09,6.29387e-08,1.0
5.63951e-09,1.13138e-07,1.0
5.14875e-10,3.73364e-09,1.0
3.11639e-08,6.86507e-08,1.0
9.81676e-06,1.45294e-05,0.999976
0.00142188,0.00808648,0.990492
0.118125,0.833952,0.0479237
